Location,Future_Step,Segment_R2,Segment_MSE,Segment_MAE,Total_R2,Total_MSE,Total_MAE
"ABE2019_utide(20,23,25,27)(1final)",20,"[0.6965981690919041, 0.45692344982297073, 0.5986577219668301, 0.7329252983861275, 0.7366343398530577, 0.7364108409059337, 0.8970484949811852, 0.8381939129362956, 0.8553601928208975, 0.8644597597112383, 0.8404934994244427, 0.804138990269988, 0.8765885340405073, 0.8974546632183892, 0.9154417097492433, 0.9512805939129696, 0.9640549516684749, 0.8895217202499551, 0.7816503764633163, 0.833403812904014, 0.8514775429155536, 0.9075248077626807, 0.9405669991607255, 0.9429868116639808, 0.9646149928482661, 0.9653246965643241, 0.9756047443010586, 0.9005972369789951, 0.9199598040333189]","[0.2201202434909313, 0.2685823930053821, 0.36256031684776674, 0.14305933459022976, 0.15843256885004922, 0.20275386555459743, 0.08139430740584491, 0.13053644229959813, 0.1442671422964501, 0.1558856364816839, 0.19734953936511104, 0.24191464135712099, 0.16492372513164189, 0.13290696275183442, 0.101482636872724, 0.05403894491189609, 0.03225901588852709, 0.08528932002927142, 0.1582310935306794, 0.12053878322201042, 0.13348454314050343, 0.0959649738703756, 0.0718208891519454, 0.07688107839133057, 0.048777110314242283, 0.0485572728895462, 0.03096844738296661, 0.11483182827874719, 0.07812701917454831]","[0.40175447099999995, 0.455309591, 0.5042032989999999, 0.318790424, 0.32793891199999997, 0.315166094, 0.24927307299999998, 0.302289167, 0.330593699, 0.345291183, 0.38825764400000007, 0.42517340400000003, 0.34324780499999996, 0.315319552, 0.265702556, 0.18513867899999994, 0.13620959099999996, 0.23543853000000003, 0.353024824, 0.310304892, 0.30845241599999995, 0.256443594, 0.238096254, 0.24750053600000002, 0.19184344099999995, 0.18934409800000002, 0.150086212, 0.294971016, 0.239694829]",0.8730364589414911,0.13016305483214086,0.29301718874327953
"ABE2019_utide(20,23,25,27)(1final)",23,"[0.5947759740387663, 0.10710191658719392, 0.7675245251681189, 0.8496745542536467, 0.7995738611948169, 0.661851770419507, 0.8587768307467051, 0.7124545561112865, 0.772702501124, 0.9177178029501764, 0.9184981304918518, 0.9188813716651489, 0.9506816436756662, 0.940180290930688, 0.9364103378462455, 0.9619689139262608, 0.9468309120096848, 0.8579163736653895, 0.7064980731901418, 0.7505028610677842, 0.745271956874231, 0.8315525694815189, 0.8456548236984202, 0.8231802065604931, 0.8855019783403467, 0.8963968415478406, 0.903443948030536, 0.8649653452915413, 0.8412974844484487]","[0.2939929894160111, 0.44158913485540213, 0.2100112209145726, 0.0805222587931404, 0.12057011539729531, 0.26010500930131697, 0.1116522002172735, 0.23197618782977852, 0.2267118662109833, 0.09463324420036909, 0.10083825014523079, 0.10019239616939497, 0.0659077094590915, 0.07753113007988433, 0.07631713666479821, 0.04218359644218808, 0.0477167936578845, 0.1096886727851779, 0.2126916001972541, 0.18052082744807785, 0.22893680275155173, 0.17480421372635319, 0.186516037247911, 0.23843775093653677, 0.1578318921713644, 0.14507982162326333, 0.12257264493657624, 0.1559944191680566, 0.1549090969330772]","[0.46396454699999995, 0.585158538, 0.354361202, 0.23827447800000004, 0.27855549099999993, 0.3677359929999999, 0.282592875, 0.41625968499999993, 0.422285295, 0.26858099900000004, 0.256448192, 0.26670249, 0.20036842900000004, 0.24996246100000008, 0.244887404, 0.18759630500000005, 0.192933743, 0.298929005, 0.383481375, 0.37578856400000005, 0.39601725900000007, 0.36748376000000005, 0.391995554, 0.4420697760000001, 0.3586308570999999, 0.3360116321, 0.3089874226, 0.30982097, 0.3319414404999999]",0.8447025939737626,0.15921094045862444,0.32949736919690864
"ABE2019_utide(20,23,25,27)(1final)",25,"[0.6205468226224954, 0.18270470973326036, 0.7678404916583188, 0.8547764817696943, 0.7759205701028646, 0.7068576814347549, 0.8859021245258576, 0.8607125886062089, 0.8348490547925609, 0.7094463193456751, 0.6017967219567733, 0.4883555705577811, 0.5746676514566504, 0.6425239820889201, 0.7180164011460131, 0.805213730497792, 0.8691144383373044, 0.8489435197520191, 0.7821713832441233, 0.8706957926855666, 0.8822535416238116, 0.9293092747479484, 0.9597068979398203, 0.9603980709279536, 0.9668489649413223, 0.9596649362620264, 0.9675478065959785, 0.9012600414364537, 0.895289363605058]","[0.275296050612973, 0.4041992326501931, 0.20972578646853918, 0.0777893965970474, 0.13479919775892568, 0.22548627739857097, 0.09020671964920701, 0.11236958677152592, 0.1647254333181744, 0.3341675161885547, 0.49267730915005986, 0.6319495586257929, 0.5684025774702615, 0.4633175265528213, 0.338422632265876, 0.21605445001567272, 0.11746372892069878, 0.11661572315856172, 0.1578535363298531, 0.09355659386242891, 0.10582461744368592, 0.07335841578227449, 0.04869157498000421, 0.05340236359860618, 0.04569765062232589, 0.056482871175885324, 0.04119629063522809, 0.11406614485780253, 0.1022077694663847]","[0.4479017249999999, 0.561590892, 0.35154088999999994, 0.24330381000000004, 0.309329347, 0.321309622, 0.258770102, 0.285930411, 0.35001456800000014, 0.5095542999999999, 0.621554661, 0.7026231299999999, 0.6606705450000001, 0.59322946, 0.489915364, 0.38955786099999995, 0.28601614599999997, 0.267988099, 0.33051521100000003, 0.27469722100000005, 0.265008473, 0.221080891, 0.196787908, 0.20709902799999994, 0.184929323, 0.20404268920000004, 0.17456145179999996, 0.2764780082, 0.2814943106]",0.8065223290810137,0.1983533578117317,0.3499416914583333
"ABE2019_utide(20,23,25,27)(1final)",27,"[0.6923687122808951, 0.4501247640906548, 0.660626884660999, 0.8135243695161009, 0.7656323701536225, 0.706914488047669, 0.8797279871712573, 0.8068921128759974, 0.8455936432999827, 0.9006810462538141, 0.8755418089680935, 0.840243221809521, 0.9037340775721134, 0.9039195516156608, 0.9215220227003904, 0.946879726861612, 0.9624242456609021, 0.901426593059963, 0.7698092577608477, 0.8450767431461693, 0.8505221603658127, 0.8747071224396172, 0.9185526996811653, 0.9213365867807882, 0.9197587722633875, 0.9290172094411123, 0.9505712724427164, 0.8726147947484899, 0.8828477853362251]","[0.2231887452870054, 0.2719447316714168, 0.3065792740049996, 0.0998862095627799, 0.14098825804071008, 0.22544258151822066, 0.09508804346972241, 0.1557890498596337, 0.1540085282742013, 0.11422731940296586, 0.15398599167892202, 0.1973210684127135, 0.1286471593753847, 0.12452795003045784, 0.09418534893721889, 0.05892033061122218, 0.03372249899536908, 0.0760987487305713, 0.16681197922477992, 0.11209296682878091, 0.13434319310953843, 0.1300211162618597, 0.09842372832129818, 0.10607594864879849, 0.11060998801768529, 0.0994001606366107, 0.06274707539266129, 0.1471576399903827, 0.1143519604223311]","[0.3990775379999999, 0.45323788200000004, 0.439716112, 0.267479981, 0.310680019, 0.33302991, 0.269528896, 0.33743809899999994, 0.339649357, 0.292290351, 0.341527712, 0.37995239099999994, 0.295925381, 0.30607720000000005, 0.26263034700000004, 0.20906100799999996, 0.162463515, 0.23288947099999993, 0.34398692500000005, 0.305278733, 0.29862230800000006, 0.304304217, 0.279312614, 0.2918979829999999, 0.294884867, 0.281329017, 0.21968791299999993, 0.301983741, 0.284371795]",0.8701311802731548,0.1331415472675009,0.3011779447580645
"ABEmulti2019(20,23,25,27)(1final)",20,"[0.7315797493700704, 0.557982871987013, 0.2807913474668765, 0.4669825871865705, 0.6137246506079898, 0.831460708188228, 0.9416939946966814, 0.9228399156559924, 0.9003556744709093, 0.7040111603608818, 0.42041019587463735, -0.09316187951845345, -0.3122406739314765, -0.606596766423392, -0.8571453951800874, -1.0157689252467392, -1.2663056793659582, -1.4279485855375444, -1.5741744830240498, -1.5319239753639842, -1.3140186651777737, -1.2122848582659613, -1.1760834970128582, -1.17093623863583, -1.1978183630797115, -1.1439552116011527, -1.0821096317605763, -0.9673605106112626, -0.783075493129201]","[0.1947408515951058, 0.21860273280515474, 0.6497110601453102, 0.2855123152485599, 0.23237120531766112, 0.1296411166154076, 0.046097207791161804, 0.062248603130969714, 0.09938759163539652, 0.34041852486257346, 0.7170979267435768, 1.3502016781876152, 1.753642731098184, 2.0822779786368866, 2.2288531520683836, 2.235865226105842, 2.0339043710453564, 1.8743782433528025, 1.8654231538862076, 1.83194489934616, 2.0797240390672185, 2.2957709357606952, 2.629654390950086, 2.9274615929468495, 3.0296229215642154, 3.0022698565796264, 2.643124686721088, 2.2727296249216167, 1.7404551745395813]","[0.38287481999999995, 0.3968029040000001, 0.6763947410000002, 0.45200591400000006, 0.3574767810000001, 0.29307173, 0.16576224200000003, 0.19484678700000008, 0.27187232699999997, 0.5086633209999999, 0.756964371, 1.041138152, 1.189976699, 1.299500739, 1.3428409239999999, 1.342232551, 1.279910983, 1.2208597669999999, 1.198325932, 1.1986691859999998, 1.2797962580000002, 1.359380386, 1.4590721770000001, 1.5358451069999999, 1.5626431820000002, 1.5519141229999998, 1.4597710229999998, 1.3480922359999996, 1.1706516130000002]",-0.43616722310158074,1.4723590051930606,0.9767159218077957
"ABEmulti2019(20,23,25,27)(1final)",23,"[0.65166330486812, 0.3820326692420416, 0.6154069575441201, 0.8416513267800159, 0.8255630849285827, 0.6877870627732359, 0.8139843086151918, 0.5524655886006049, 0.6395135830410561, 0.787068161284604, 0.7385597422019352, 0.5793994804778972, 0.51134751344002, 0.3903221431443774, 0.29045298583358403, 0.27672943894255886, 0.26589402283382946, 0.18537281908330938, 0.2705622532939804, 0.35826600204419623, 0.47366288219525665, 0.5359189213539761, 0.4978705877650226, 0.40447387329546347, 0.2976272631110881, 0.17547065335090217, -0.021533412244102212, -0.23030262959574, -0.4239725596867212]","[0.2527208155592238, 0.3056201643028358, 0.347429570623821, 0.08481992374121593, 0.1049358087976352, 0.2401554757276295, 0.14706553696440713, 0.36104667587518824, 0.3595576226602386, 0.24489417411868772, 0.32346715815198807, 0.5194981072295426, 0.653021887000059, 0.7901912925040919, 0.8515628895669586, 0.8022424972824951, 0.6588261104241332, 0.6288928330070113, 0.5286005556334615, 0.46431936177039007, 0.47304543088799345, 0.4815943336642091, 0.6067905094273559, 0.8030543838631726, 0.968198545842827, 1.1546228157728877, 1.2967809855092665, 1.4212673370334334, 1.3899357707842972]","[0.42988560099999995, 0.47983225799999984, 0.45577822100000004, 0.232791207, 0.26940679999999995, 0.36580570100000004, 0.31824803700000004, 0.5274553020000001, 0.5335242649999999, 0.4374560069999999, 0.494551968, 0.6405109739999999, 0.7218679279999999, 0.7943069459999998, 0.823857582, 0.7999133280000001, 0.7254182189999999, 0.6838486240000001, 0.6110074459999999, 0.5744222790000001, 0.5897338790000001, 0.61659829, 0.70417333, 0.8081074709999999, 0.8858126970000001, 0.9653191769999999, 1.0248181240000003, 1.066227936, 1.051538283]",0.39650512918599967,0.6187030962257017,0.6543080498991936
"ABEmulti2019(20,23,25,27)(1final)",25,"[0.6889892430286151, 0.5350904832413448, 0.3090558895304937, 0.5693543397282956, 0.7151149465131935, 0.8428108624388847, 0.9565946418055985, 0.801251149307904, 0.8406045678482259, 0.8798607222109734, 0.7720956187164674, 0.48503270752379946, 0.38319640232011254, 0.22174277872278836, 0.10777859818847069, 0.0847920341042071, 0.04370037382464287, 0.000717249468587311, 0.13500867787132598, 0.2831955206595034, 0.5085188608393849, 0.6213649881277876, 0.6370446468210151, 0.6057047969451805, 0.5122969659896294, 0.42550781498144474, 0.281643047664636, 0.025472474561998304, -0.17476224172469457]","[0.2256405749033775, 0.22992432742918484, 0.6241777388706073, 0.2306765905956557, 0.17137796486343645, 0.12091053127240294, 0.0343166335187646, 0.1603398756578663, 0.15898474935858828, 0.1381728979135141, 0.2819748693833988, 0.6360537405671225, 0.8242795449602301, 1.0086836395098304, 1.070799566329949, 1.0151370228861876, 0.8582346183111785, 0.7714470799385313, 0.6268319614115281, 0.5186357578400542, 0.4417186236403786, 0.3929237468085263, 0.4386077737899949, 0.5316987402409805, 0.6722831675151685, 0.8044853551925044, 0.9119149950763296, 1.125791417189901, 1.1466822522894216]","[0.421476333, 0.41087620599999997, 0.660239294, 0.41116234500000004, 0.310723099, 0.2830171210000001, 0.15397817400000002, 0.3460294810000001, 0.33959256700000007, 0.312923883, 0.4631842619999999, 0.7024305669999998, 0.8088849699999998, 0.895295041, 0.9227683660000001, 0.9016967709999999, 0.8292560969999999, 0.76042467, 0.6702977860000001, 0.60845268, 0.561749573, 0.55183816, 0.59764419, 0.6599247730000001, 0.739019528, 0.8053971959999998, 0.858255502, 0.9396905900000001, 0.9464513019999998]",0.4392755949144045,0.5748548037994765,0.6259478299731184
"ABEmulti2019(20,23,25,27)(1final)",27,"[0.7387544585422693, 0.5952755135097055, 0.427297952143021, 0.6505205553059115, 0.7078024864767499, 0.7795216473072905, 0.873845317631789, 0.8030050522493642, 0.7843844109461594, 0.6494789378035328, 0.4124909204373107, 0.02816842957012078, -0.1519794154454921, -0.39459187731057277, -0.5765230999777717, -0.6626335674256743, -0.8235692612587324, -0.9343660894344501, -1.078915836697297, -0.9957314216647866, -0.8991833437173065, -0.8038590400654251, -0.6699141938293287, -0.563193354044667, -0.4918262075259323, -0.35679385119144147, -0.16334068192733042, -0.05191431239026789, 0.08924502022870351]","[0.1895355477074064, 0.20015939015227902, 0.5173614824432485, 0.18719967300827417, 0.17577691280350083, 0.16959285591712736, 0.09973893043611481, 0.15892492116343562, 0.21506005486335814, 0.40313635835617423, 0.726896056312105, 1.200342457869231, 1.539473945902253, 1.8075026764646172, 1.8920642884577916, 1.8441719835066603, 1.636568943522103, 1.4933321629266059, 1.5065248149768191, 1.4439888535192205, 1.70689083625931, 1.8719321523709171, 2.017981937890327, 2.1079331695117443, 2.056435121862187, 1.8999749896745737, 1.4767975847981918, 1.215190000893946, 0.888985476716317]","[0.37399580099999996, 0.37850346200000007, 0.588233824, 0.35153587799999997, 0.338726561, 0.289561794, 0.26439908, 0.33906864000000003, 0.40777476499999993, 0.558243499, 0.762301714, 0.986263812, 1.115854876, 1.210821293, 1.235003989, 1.215442453, 1.142195035, 1.085947104, 1.0685149, 1.057312574, 1.1534620500000001, 1.223732488, 1.2745007599999998, 1.3009666359999996, 1.284639463, 1.2318308560000002, 1.089453555, 0.9810261669999999, 0.8302759620000001]",-0.08522415300142905,1.1125720797846463,0.8625593107190861
"BOU2019utide(20,23,25,27)(111finalfinal)",20,"[0.8114772924937996, 0.7048959468068126, 0.37609895288095185, 0.6628665536816437, 0.405598525661918, 0.30258342398541993, 0.8660987190530931, 0.5421442194366988, 0.8446203633418338, 0.6483739490761881, 0.676714687049686, 0.8995579839254083, 0.9066715421728403, 0.9022938294362708, 0.9258960421650947, 0.8957755984744473, 0.908261370702299, 0.8104425333069708, 0.7620495377592854, 0.8140273812962125, 0.6275484008323655, 0.8782607678718801, 0.9296213414818721, 0.7794977634365241, 0.8701265085293796, 0.7748128397173557, 0.5814596316705914, 0.6303925394544656, 0.642806275351882]","[0.02044506236326422, 0.022589969125647723, 0.022400460528873546, 0.014932357892267132, 0.025974106825264447, 0.01738399136551525, 0.00795665133337453, 0.038612407583792405, 0.018623836749697465, 0.07313338285488753, 0.07013713516449079, 0.0225982499598393, 0.020283743688578278, 0.02007367212540995, 0.012135870742632535, 0.016644106827902152, 0.011272498739067771, 0.014939323754166942, 0.025568460061796364, 0.021379497998161887, 0.03639860856880911, 0.016936924408916462, 0.013066948644957214, 0.04526915985994577, 0.033099706403678986, 0.04917042036587758, 0.08130451753985658, 0.06273494768157425, 0.05114709036369205]","[0.1239375714510716, 0.12475003902996443, 0.12334118574341087, 0.1049934213120948, 0.1460557869810555, 0.10284638230545554, 0.07865253541308938, 0.162476066906384, 0.10099436190149111, 0.22396306530702692, 0.17873533734446423, 0.1211638626459553, 0.11615743763257137, 0.1153302260771427, 0.09168553624393752, 0.0972161239546785, 0.09030789319000002, 0.09798399047764297, 0.11841730682808026, 0.11891954522441951, 0.154102478085741, 0.11361312215575016, 0.09301759219216964, 0.17732958786841096, 0.14942660632787508, 0.18037748885596439, 0.25870045585883955, 0.23276305938383957, 0.21085760043000917]",0.7960552918579957,0.03188693903128186,0.14146705035288232
"BOU2019utide(20,23,25,27)(111finalfinal)",23,"[0.8879066697206515, 0.9118947931507267, 0.3908716425204656, 0.5342001839975755, 0.677782927088473, -1.4611637260967747, -0.026132237114802948, -0.5927241117987554, 0.1897920450095565, 0.7576625653272847, 0.06277001234188262, 0.426427082144173, 0.7320147385978142, 0.8426142529474092, 0.927484469133061, 0.894551319269292, 0.9103827256875217, 0.8023685401455285, 0.4998436850138287, 0.4322212666636026, 0.02429384175977467, 0.8924013872209173, 0.9176844856752429, 0.8442125266391254, 0.8294541153964313, 0.6044354697654957, 0.40708772755841205, 0.5240498415982098, 0.6773746594072806]","[0.012156387728474995, 0.006744380095758829, 0.021870063837437823, 0.020631265259075743, 0.014080215198066215, 0.06134762269070476, 0.06097459542523284, 0.13431939746975566, 0.09711170016598963, 0.05040285366635443, 0.20333316637460175, 0.1290470330491426, 0.0582431605659375, 0.03233480408983731, 0.011875736939654049, 0.016839617990158994, 0.011011834593776939, 0.015575647925047792, 0.05374323144387248, 0.06527210498712618, 0.09535291729537733, 0.014969616115417007, 0.015283221093050366, 0.03198320409652767, 0.04346551898168409, 0.08637292734207697, 0.11517753101507966, 0.08078491771324728, 0.046197193036268215]","[0.09802210017273233, 0.06993665380749108, 0.12267984918450349, 0.12619343329714267, 0.09814692651935701, 0.227771166474082, 0.22391523385016052, 0.296833869748498, 0.2736539893215444, 0.1783073435887857, 0.3942629048894372, 0.30980454291671405, 0.21238377847271397, 0.16465262546254447, 0.08933704589984813, 0.10368165855063383, 0.08451189321701776, 0.08793392527467851, 0.19212595147909806, 0.23376255608616053, 0.2743108193961605, 0.09389522598446418, 0.09701691290786592, 0.15228068854596452, 0.17128610304575012, 0.26948119008383953, 0.3217341648568394, 0.26481068277383957, 0.2005658907210092]",0.6457692378518824,0.05538429910011065,0.1880407505569503
"BOU2019utide(20,23,25,27)(111finalfinal)",25,"[0.930186691358566, 0.9311791428398271, 0.7385092903488143, 0.8439449170940363, 0.9251557491355681, 0.34072106953978576, 0.8417286083478103, 0.5708189569056976, 0.8349968423356512, 0.5904355914867796, 0.6770550900405274, 0.8323376140680075, 0.6879194070452105, 0.479326677958543, 0.5719309274401099, 0.3742597033213967, 0.19749888484999234, -0.3324520703748235, -0.7330636334166938, -0.6323408859450981, -1.1534970258407973, 0.5269260026486517, 0.5283918173910727, 0.940605204008069, 0.866293585355739, 0.8546448019544828, 0.843445966458385, 0.9027153538811351, 0.9046075944716346]","[0.007571169902241014, 0.005268179212134277, 0.009388527791797135, 0.006912011769543587, 0.0032705379295609495, 0.016433362252558356, 0.009404766485570558, 0.03619417743903146, 0.019777314052329634, 0.08518376443622175, 0.0700632843286419, 0.037722027635730244, 0.06782671550619288, 0.10697201098768833, 0.07010409545302865, 0.09992754280184998, 0.09860832757020101, 0.10501265507243428, 0.18622266112994526, 0.18765466092063096, 0.21045498387669492, 0.06581624011338731, 0.087561769895133, 0.012193765272007035, 0.03407656958244444, 0.03173882641129569, 0.030411762231741614, 0.016512510801268213, 0.013659377667890861]","[0.0754578409270091, 0.06007959015964295, 0.0880159845542768, 0.07346954047231408, 0.04947252738820523, 0.11838613672647312, 0.06798175445220521, 0.15784209856127676, 0.11066073025225905, 0.2443874853821341, 0.18286019740935702, 0.1573940225840356, 0.23036405951743727, 0.30776225135699087, 0.2434692298607141, 0.30104351341473046, 0.2973110474241604, 0.29024523107616057, 0.4220021323161605, 0.4240599180201605, 0.43230780046756045, 0.2289042690311605, 0.2787399026851605, 0.09390968325363382, 0.1493216448222945, 0.14233905002021432, 0.13536251183170542, 0.10091446986712488, 0.09681531217503553]",0.6259067859864582,0.058489811360833574,0.18913680884951653
"BOU2019utide(20,23,25,27)(111finalfinal)",27,"[0.9199323028565726, 0.9019499036019902, 0.8024833108493428, 0.8713839896061522, 0.823730635922776, 0.6289690498257904, 0.8538353431867312, 0.5974455572703896, 0.7593733256807861, 0.5061876409395272, 0.7152044511319133, 0.8935292917970034, 0.8304055814509035, 0.7103287589061025, 0.8818625087315795, 0.8119908758594027, 0.8720973145963633, 0.8081072586600925, 0.489328273080766, 0.36653270330845644, 0.2678131619209315, 0.9132121473254692, 0.9599539196752777, 0.8279679757735063, 0.8023242042473695, 0.7404934702320051, 0.6948468190309465, 0.7635139231270216, 0.883095441925033]","[0.008683246082313382, 0.007505653095682241, 0.00709161303630388, 0.005696676846660036, 0.007702604199731742, 0.009248416306687464, 0.00868536285315044, 0.03394867309138001, 0.028841565063011956, 0.10270617953011035, 0.061786734828489606, 0.023954633443295424, 0.03685917239984925, 0.05951277677070328, 0.019347162631806324, 0.030024100892047097, 0.01571620233453834, 0.015123370442557803, 0.05487314263426077, 0.07282369251943034, 0.07155448433577277, 0.012074327023960076, 0.007435209565698018, 0.035318214123861505, 0.050379879130344474, 0.056664177213152964, 0.05927822984786664, 0.040139724555747464, 0.01673973416436203]","[0.0774843011772859, 0.07164261225583032, 0.07004548940923212, 0.06332652335577303, 0.06763065293122857, 0.0732721524611321, 0.07018666791732148, 0.15215899868004468, 0.13633086540553582, 0.27281644159851803, 0.16797752054484813, 0.1292141766990625, 0.1619338845655266, 0.22072527430126768, 0.11927099101297305, 0.14866457403086591, 0.1042286867908034, 0.09349099256467852, 0.19786914602554442, 0.24932796544816058, 0.22356944432231235, 0.08974286008766075, 0.07194912564574096, 0.15875082442256275, 0.18663962483213412, 0.18456204522979483, 0.20256034586617877, 0.168793452647902, 0.10776125989868765]",0.7908754199757246,0.032696816671180344,0.13836708260060962
"BOUmulti2019(20,23,25,27)(111finalfinal)",20,"[0.9093583098385579, 0.8964562779739729, 0.8101555910382219, 0.665722401525922, 0.5685518252425754, 0.6578674163530946, 0.6725410378014536, 0.6745332460500952, 0.8472187562017672, 0.536616147318616, 0.5435422819409652, 0.84852810601191, 0.8034387985221778, 0.6587662598047043, 0.5882527470472193, 0.2729946701063578, -0.32979839922091214, -2.2806105401787424, -3.207418731600546, -3.3816688494196736, -5.059225751792473, -3.120434413084195, -2.2573917849156326, -2.2964419634333737, -1.6372762116685946, -2.1936975590576697, -2.6798211158429326, -3.1340453728180506, -3.670022718809572]","[0.009829982990252817, 0.007926185555273827, 0.006816148504979488, 0.014805866312857496, 0.01885338691865478, 0.008528087924103036, 0.019458191660135047, 0.027447627597987988, 0.018312392821292347, 0.09637746867129388, 0.0990290476737553, 0.03407936096873146, 0.04272005691210378, 0.07010626022171108, 0.0674311006653853, 0.11609905356220626, 0.16340064041928873, 0.2585501052851169, 0.4520992175814964, 0.503718671316792, 0.5921504615966958, 0.5732538719552615, 0.6047880432252704, 0.6767602929448789, 0.6721392281302022, 0.697355263520528, 0.7148320761764957, 0.7016880010868818, 0.6687073638674758]","[0.08310136176613404, 0.07396775475413205, 0.057089791838571394, 0.09610480878614808, 0.12162488227759823, 0.07231717433098225, 0.11861332160670544, 0.14571243044766077, 0.10778418028694302, 0.2581389505995805, 0.22885816793978575, 0.14602534546850893, 0.15656671185063384, 0.1960731902908481, 0.22051102153616967, 0.2797121976474465, 0.33887219083489284, 0.4397267511287232, 0.5450013667448929, 0.5927921031597857, 0.6264215704347232, 0.6367465148712769, 0.659152498704893, 0.679284594776384, 0.6856607215117232, 0.6874007656502144, 0.7007001606565981, 0.6925126925060446, 0.6678714206862143]",-0.8042214354187098,0.28209164843870355,0.36361493552372043
"BOUmulti2019(20,23,25,27)(111finalfinal)",23,"[0.9267169284784895, 0.884161836227231, 0.7763726584687749, 0.729323415713941, 0.739387194246098, 0.5918748451514844, 0.7031717344380745, 0.3641470344069402, 0.8430861508491142, 0.5528300780625193, 0.3948239074589752, 0.5413617886354474, 0.3904798701838016, 0.06485757455804742, 0.4747502185906416, 0.47361885710785956, 0.5690731121095748, 0.5277277491838083, -0.4807258233258074, -0.3748775003809257, -0.8235027146012839, 0.1446377905729911, 0.05856632053897459, 0.27944035056127026, 0.30605954184948814, 0.2521331563675149, 0.18384332850145035, 0.2097720779411707, 0.10205987012449758]","[0.007947461540565645, 0.00886731481619306, 0.008029086439714348, 0.011988842026071539, 0.011388236989522649, 0.01017303633429534, 0.01763806140064488, 0.05362346597576248, 0.01880772778985105, 0.0930051940586445, 0.13129367682531154, 0.10318810142015464, 0.13247138519225427, 0.1921244311446884, 0.08601920384578214, 0.08406039129274395, 0.05295067996505316, 0.03722052303261594, 0.15910823925139833, 0.15805655139980662, 0.1782056022346666, 0.119001942348893, 0.1747925550325985, 0.1479310616864346, 0.17685845792181884, 0.16329939519178488, 0.15854438289426584, 0.13412853537563355, 0.1285773567527586]","[0.0717570025413037, 0.08518413904740171, 0.0670833514235714, 0.08690769393091058, 0.09218935519387504, 0.08418335000744644, 0.12052201931544648, 0.18578564182340174, 0.1065689537487232, 0.2484650181833839, 0.2888898637129731, 0.2777954675029731, 0.30895086144275874, 0.370994344071482, 0.2520948996803123, 0.24132698417656592, 0.19275587580435702, 0.15676667286531235, 0.29848996376658915, 0.3089739637465891, 0.31523650698869626, 0.27633866188967854, 0.3546809552103107, 0.3084440857785089, 0.35321519989595523, 0.32297681037700005, 0.31678566313787504, 0.2977731677853214, 0.28470677276032147]",0.3857272471433639,0.09604209884808015,0.23184653677568434
"BOUmulti2019(20,23,25,27)(111finalfinal)",25,"[0.9212793640632667, 0.8748291703710656, 0.7189624841247395, 0.7770482583806889, 0.7522648519325199, 0.5334455894696472, 0.8059714603237305, 0.5926668174454135, 0.8291509538538187, 0.5217703711217346, 0.7234958449528415, 0.9249402799100948, 0.893696318617196, 0.8519914461500998, 0.7926058973163315, 0.4534229933625957, -0.11021723919145754, -1.8023533866036776, -2.3070342114315214, -2.636688653077246, -3.7920615030909675, -2.8826770530496892, -2.1658720786422103, -2.091086066320425, -1.539435102776022, -1.862625213589876, -2.2978280124361374, -2.4587401474421267, -2.4515178171443144]","[0.008537158904050844, 0.009581722603105938, 0.010090333732514493, 0.009875007166806142, 0.010825510161197083, 0.011629459526974526, 0.011529519568524818, 0.03435167914195748, 0.020478003506135642, 0.09946518595370803, 0.05998790702584879, 0.01688753753456702, 0.023103742165271227, 0.030408265563955192, 0.03396455596286271, 0.08728556801467999, 0.13641933092617758, 0.22085790260035196, 0.3553503168758003, 0.41807540443489805, 0.4683141951289126, 0.5401759695882578, 0.587795913408412, 0.6346006800562697, 0.6472033313441584, 0.6250644349593619, 0.6406271312627991, 0.5870657531470758, 0.49422786993047896]","[0.07587133493991977, 0.08105918254789277, 0.07707620398240174, 0.08062106962580343, 0.08757915022932147, 0.08462208616704475, 0.08558082821638396, 0.16093546525766075, 0.12309495529730377, 0.27127867255968763, 0.17446319777661606, 0.11148424989361613, 0.12120954700446412, 0.1431032217744642, 0.15231962101276791, 0.22957454384404474, 0.30661278023170546, 0.3998158298104287, 0.48319153774383033, 0.5374474153171697, 0.5546933750251072, 0.6001741248143232, 0.6597910103787856, 0.6470788610310625, 0.6687840333399089, 0.62306612059, 0.6089641268627678, 0.6047986653165983, 0.5610754820732143]",-0.5494126526221264,0.24225206546696781,0.3277020169403898
"BOUmulti2019(20,23,25,27)(111finalfinal)",27,"[0.9213762210367814, 0.821483655029439, 0.3266566132843084, 0.27648372641017305, -0.08630734990288524, -0.36327226135587853, -0.08014225558615595, 0.0709398005044175, 0.43623351659844356, 0.5737651614792972, 0.3885808281177886, 0.6088600839711764, 0.5081397060862152, 0.35757419998325857, 0.48579935122314843, 0.12836259321516308, -0.3290760240988253, -1.6334001745355766, -2.4808076102800083, -2.8253509265412453, -3.966774817940273, -2.4414937154155503, -2.0267276969534285, -1.7953859653155115, -1.3425301493955701, -1.6125770048453152, -1.9842867769926222, -2.30552801672593, -2.529356979753173]","[0.008526654881007567, 0.013665277307013102, 0.024175631738641436, 0.032046075689330114, 0.04746936939022282, 0.033981287562287014, 0.06418396640694936, 0.07835054752102934, 0.06757317224856436, 0.08865098461768939, 0.13264812035260762, 0.08800179384218758, 0.10689952844621668, 0.1319859820524732, 0.08420970743878801, 0.13919606062852377, 0.16331187767326566, 0.20754243274086473, 0.3740227672943476, 0.4397641063844937, 0.4853884178552238, 0.4787965053895764, 0.5619614839372491, 0.5738933813385079, 0.5970199099813976, 0.5704655159078819, 0.5797194606877064, 0.5610604474357779, 0.5053737731450761]","[0.08199730647258048, 0.09689788006640171, 0.12769179164344643, 0.14600249253661604, 0.17906562042649107, 0.14132869161521433, 0.19102175696510712, 0.2018985123003393, 0.18834762256016963, 0.2517309180819198, 0.2790673812692499, 0.2550616702404195, 0.27701278777808025, 0.3058210761913123, 0.21521616513784816, 0.27070708017040174, 0.30658283335106246, 0.3673681719551071, 0.4608765065910624, 0.5314847802242321, 0.540110744503616, 0.5737695309397858, 0.6426050723696786, 0.6176858740560626, 0.6494754701485088, 0.6125857369374464, 0.6109822514492912, 0.6046640789614911, 0.5809971456876608]",-0.6368061697896961,0.25591612068585207,0.3613011582099194
"WHI2019_utide(20,23,25,27)(2final)",20,"[0.9733681080489446, 0.9821569431981974, 0.938648512062099, 0.8649231466560086, 0.8099601551962062, 0.7653453993452678, 0.9500186256252997, 0.6366300530430417, 0.838475425371403, 0.7664165379355136, 0.939645189780433, 0.9600173821934619, 0.9719842651915473, 0.9701370841899523, 0.9616429293955864, 0.9702849312812071, 0.9679271667305288, 0.9513488308342959, 0.813118898841931, 0.8651875406941574, 0.8554588156053424, 0.9392124027963351, 0.9605305538458894, 0.969570204516996, 0.9725793101877092, 0.9728230619277608, 0.9653466907853206, 0.9596961227554048, 0.9331672382599784]","[0.04047954186771231, 0.0185258320386873, 0.05011680987180791, 0.0826441494719985, 0.0827373299417028, 0.14809580409154668, 0.03575244858272539, 0.4018194053392146, 0.24942548180428767, 0.45427665852203164, 0.11833724350262875, 0.08333402847541209, 0.060641140801046094, 0.06251724967108772, 0.07414494731749244, 0.053772014430989, 0.047643097751966144, 0.06190683785194444, 0.2307423198571891, 0.15753222882755266, 0.21501665040221588, 0.10298755084374012, 0.07774577411476882, 0.0666370628865221, 0.06119843092780442, 0.0628658151296725, 0.06955458271660121, 0.07574549720096921, 0.10859424964980732]","[0.16949972500000005, 0.10656083700000002, 0.195303985, 0.247276557, 0.23818683599999996, 0.36684814900000007, 0.15319010999999996, 0.566026087, 0.4668695420000001, 0.6024575889999999, 0.31335558900000005, 0.24687732299999998, 0.19261428899999994, 0.20187221900000002, 0.21601956400000003, 0.18795474199999995, 0.1797825110000001, 0.21446310200000007, 0.4211570230000001, 0.3307183109999999, 0.41125153300000006, 0.259614051, 0.236381622, 0.22654136100000002, 0.21438884800000008, 0.20805863499999996, 0.213526202, 0.21937944800000003, 0.29286481300000006]",0.9277355175009319,0.11335871653867144,0.2685875938844086
"WHI2019_utide(20,23,25,27)(2final)",23,"[0.9851829700220456, 0.9772471493128464, 0.959063302707583, 0.9408921551235097, 0.8752726401735483, 0.8333986393640977, 0.9267603196197045, 0.742705496053747, 0.8412168795652832, 0.7549942781211971, 0.963205537289376, 0.9821051376538671, 0.983442865174971, 0.9791621691431229, 0.9725258931078528, 0.9823826809184567, 0.9795700343836046, 0.9390723762956602, 0.8636563461253145, 0.9293977536089878, 0.9154299356054826, 0.9579554288468737, 0.9769582391357848, 0.9779283659855681, 0.9709239447977044, 0.9647190507324465, 0.9558830301843495, 0.9788582091938208, 0.962998064522056]","[0.022521365979182115, 0.023623502122626993, 0.033440373558020806, 0.03616398698969, 0.054302342402842284, 0.10514587140962639, 0.05238947387443578, 0.28451974479050074, 0.2451921412446531, 0.47649084258864877, 0.07214263912843685, 0.03729748200910361, 0.0358385582620361, 0.04362346538997242, 0.053107971386089414, 0.03188007892066429, 0.030348015741338427, 0.0775281783778333, 0.1683436730514588, 0.08250075172188598, 0.1258047804614568, 0.07123274497638442, 0.045386994495974796, 0.048333839925065784, 0.0648929318748621, 0.0816120502007176, 0.0885496218337674, 0.03973303726126439, 0.0601231688501612]","[0.12207417700000006, 0.11677885199999997, 0.16290134800000003, 0.157229702, 0.19266485499999997, 0.30001813200000005, 0.18338451799999994, 0.46753573300000006, 0.47090142300000004, 0.6109993999999999, 0.23477532600000012, 0.160771202, 0.15352974899999997, 0.17337602600000002, 0.18752962200000003, 0.15223584499999995, 0.15433676000000002, 0.21969908300000007, 0.34842739599999994, 0.234259386, 0.3010116120000001, 0.22655933800000003, 0.192528064, 0.19156276399999997, 0.212383949, 0.23866666800000005, 0.239631098, 0.14881277199999995, 0.21912335400000005]",0.9439242570016987,0.08796401822045573,0.23101393965053765
"WHI2019_utide(20,23,25,27)(2final)",25,"[0.9876258422670088, 0.9820378478508325, 0.9709178795668156, 0.9166742022522468, 0.8581117353652217, 0.7896468539481742, 0.9526171992981515, 0.6524145352109785, 0.8343121627123675, 0.7781848572505481, 0.9503831312943753, 0.9705175818369083, 0.9777032848611287, 0.9793688279535323, 0.9689660139012806, 0.9734323523102605, 0.9650859798212496, 0.9308781728200589, 0.8128764474756304, 0.8584331172199353, 0.8653903470080969, 0.9417288156644869, 0.963780868707244, 0.9714101615872479, 0.9718090165596739, 0.9680286966319661, 0.967390042999135, 0.961258648883306, 0.9366255712981029]","[0.01880828583079491, 0.01864948464072619, 0.023756605575633, 0.05098127113164022, 0.06177365687739678, 0.1327586086989573, 0.03389364872399079, 0.3843647113244147, 0.2558543722501869, 0.4313894526916024, 0.09728343859412743, 0.06144891979347428, 0.048262101686127164, 0.043190830461445416, 0.05998928562799522, 0.04807648094270121, 0.05186358380984266, 0.08795500335632708, 0.23104167485010219, 0.16542496655979297, 0.2002426977427853, 0.09872419433477454, 0.07134339785577402, 0.0626078102066165, 0.06291759852395691, 0.07395616245093399, 0.06545325693283749, 0.07280894800176659, 0.10297492356576543]","[0.11776712900000003, 0.10149191999999996, 0.136865392, 0.19485003400000003, 0.202696896, 0.35092167900000004, 0.146827404, 0.556844906, 0.47372832099999995, 0.5897186719999999, 0.2817657520000001, 0.20488313899999994, 0.1716407439999999, 0.17459909400000007, 0.19662200600000002, 0.18147474000000002, 0.19897434400000014, 0.251055921, 0.40232340600000005, 0.329476972, 0.36831877500000004, 0.265536047, 0.23847369800000004, 0.222372759, 0.20995432500000008, 0.22692789399999996, 0.20527682700000002, 0.21272810200000006, 0.28636932600000004]",0.9328233542987239,0.10537760840075103,0.254963722748656
"WHI2019_utide(20,23,25,27)(2final)",27,"[0.9913166860078338, 0.9887423614175097, 0.9623945862913397, 0.9303525423005659, 0.8661267592111253, 0.8348195829183089, 0.9351191372957655, 0.7258335783874146, 0.8517822248683052, 0.7645126524207984, 0.9631252169215703, 0.9735872588697917, 0.9753008583984079, 0.986309959487275, 0.9764207708864747, 0.9820067457942551, 0.9782944028489653, 0.947617492468001, 0.8921448104537772, 0.9047186670687885, 0.9030251779759627, 0.9720449263937937, 0.972027972889383, 0.9785159958781605, 0.9713060382963311, 0.969190723105029, 0.9670710956041352, 0.9695821398371345, 0.9672817593626015]","[0.013198332771189203, 0.011688418853791398, 0.030719114276335592, 0.0426124444119113, 0.05828416932748957, 0.10424908192566801, 0.046410282567383276, 0.30317693969721365, 0.22887718515395075, 0.4579793639370003, 0.07230012269749544, 0.05505092568247336, 0.05346224661846907, 0.0286597493086517, 0.04557909853022634, 0.032560366390802405, 0.03224292279210273, 0.06665482979487602, 0.13316893195894872, 0.11133897281898586, 0.1442578562800971, 0.04736203924484261, 0.05509849043188891, 0.0470470113583554, 0.06404016257023333, 0.0712681575978055, 0.06609343397423711, 0.05716611153421413, 0.05316274083811292]","[0.09524882600000004, 0.07635631400000001, 0.15453630999999998, 0.174075627, 0.19830019999999993, 0.30630324600000003, 0.1687625089999999, 0.49526937099999996, 0.44961527800000006, 0.6064589480000001, 0.2428166780000001, 0.19695414399999994, 0.18027396299999993, 0.138788303, 0.16553479900000007, 0.152628792, 0.15420175900000008, 0.20807301600000006, 0.318556581, 0.27079621499999995, 0.33331953500000006, 0.189078094, 0.20599640299999997, 0.18671887399999998, 0.21549303900000005, 0.22829778700000003, 0.20735197900000008, 0.1829159670000001, 0.2041574750000001]",0.9453175585317716,0.08577839579933806,0.2282733623655914
"WHImulti2019(20,23,25,27)(2final)",20,"[0.976513228473148, 0.9041773888616923, 0.6570924520717741, 0.24460200224174133, -0.6204453868878317, -0.2720682737349014, -0.06870380176023438, -0.17989549406550998, 0.5213776029705417, 0.3428002419751881, 0.6590082886135549, 0.7190285060856134, 0.7987682928342997, 0.8249999588549544, 0.8305156931272689, 0.8231340935685298, 0.7443849332989498, 0.5123294368058546, 0.1657119042923162, -0.15636728147896384, -0.24263522684820504, -0.28580918936018795, -0.2763222851053866, -0.22860653500908734, -0.1817534761123487, -0.0904311759245473, -0.05697074781872802, 0.04161162749151748, 0.049327258696054144]","[0.03569906911254651, 0.09948932064585424, 0.2801143535511571, 0.46217559479711495, 0.7054906025937372, 0.8028309410191689, 0.7644603254834977, 1.3047444065152158, 0.7390864347167891, 1.2781320536065053, 0.6685800027523529, 0.5856166444112065, 0.43557380776564025, 0.3663581056285995, 0.3276163900476382, 0.32005431866856826, 0.37970744609287466, 0.6205430002719952, 1.0300965129159918, 1.3512483648219022, 1.8485199582920695, 2.1784433890503694, 2.514062743318088, 2.6904791713739966, 2.637477721262046, 2.522390290439953, 2.1215047270880345, 1.8011568303150711, 1.5447153509235485]","[0.15327183900000002, 0.27839576800000004, 0.445013564, 0.576869624, 0.739430383, 0.7644872979999998, 0.765410048, 0.98158739, 0.7160042850000002, 0.8909348239999997, 0.7152257100000001, 0.6683283869999999, 0.579750393, 0.5286413149999999, 0.49648904200000005, 0.494145481, 0.5320128500000001, 0.6475168859999999, 0.865544737, 1.007255582, 1.1922693789999999, 1.3167840000000002, 1.42137716, 1.4757025919999998, 1.460707501, 1.4215288100000003, 1.3123394640000003, 1.2005701790000003, 1.0975855979999998]",0.2896620268290002,1.1142818458346277,0.8543320639112904
"WHImulti2019(20,23,25,27)(2final)",23,"[0.984323977514847, 0.9648885667214573, 0.8211936974554732, 0.6044947563921528, 0.28061281781297187, 0.43916295529386973, 0.6747789868984588, 0.5045404923657252, 0.8061650027348306, 0.6922416220052036, 0.8043074541876273, 0.7713787887684065, 0.6608756947378408, 0.5457897881702625, 0.4275289217015672, 0.2863737489680822, 0.21932231779392564, 0.12889796009084709, 0.0951377505061044, 0.26149345181572625, 0.2685216412589029, 0.31681208583755494, 0.265369710814099, 0.11714285299539917, -0.05841850627524359, -0.265280026842982, -0.5671021486173602, -0.8328708800169151, -1.1954784226072022]","[0.0238270044679196, 0.036454993266072114, 0.146063311089951, 0.24198220243142837, 0.31319839641992697, 0.3539568918245545, 0.2326356106530022, 0.5478858292891412, 0.2993190831461136, 0.5985331596337038, 0.38369297096953436, 0.47650523082411567, 0.734047665894342, 0.9508774493669232, 1.1065974870443127, 1.291369083880066, 1.1596700177257406, 1.1084455658913361, 1.117234505284812, 0.8629661022300559, 1.0881329580694539, 1.1574704920462213, 1.4470535081213964, 1.933335610409219, 2.3622145282414353, 2.9268514371760586, 3.145417811214319, 3.444624329057, 3.567357172112795]","[0.12462262200000002, 0.15766718300000002, 0.312487158, 0.41079634400000004, 0.48721363600000006, 0.496522449, 0.41017046, 0.6370713179999999, 0.447536199, 0.665316876, 0.5245963720000001, 0.610486346, 0.764547941, 0.8691257350000002, 0.939434675, 1.015996276, 0.961690811, 0.9301254940000001, 0.887121149, 0.8038636899999997, 0.899250598, 0.9623060119999998, 1.083522715, 1.2545788020000002, 1.3836631460000002, 1.5351990889999998, 1.59529645, 1.6691417979999996, 1.6875899019999998]",0.23698469155280877,1.1969149030583246,0.8665339331317203
"WHImulti2019(20,23,25,27)(2final)",25,"[0.9826288032877436, 0.9050660386230168, 0.7738878665646118, 0.560818048614477, 0.038254051204531514, 0.22484712848278976, 0.3361497881229307, 0.09452505071250161, 0.6192599875813087, 0.4124293157302986, 0.7055577723856918, 0.7427497325736576, 0.8041831728386133, 0.8220849581472528, 0.8380122365093674, 0.8526675243799551, 0.8669916681180723, 0.8088375845096458, 0.6995133605053748, 0.7121975118843978, 0.6879802183816885, 0.7515635983952154, 0.7735322089489927, 0.7806342289776627, 0.7665118209716373, 0.6802109444289207, 0.5902724988120538, 0.3842105879848331, 0.09085492775107185]","[0.02640360984861171, 0.09856666617008891, 0.1847065031668066, 0.2687049478660636, 0.41871372799604695, 0.4892164376104576, 0.474862303481998, 1.0012864539822695, 0.5879369207940283, 1.1427163752794018, 0.5773107637964965, 0.536175525443175, 0.42385309071119137, 0.3724605849777013, 0.3131254290495626, 0.26661099390909315, 0.19757933153066656, 0.24324719964776878, 0.371011214367981, 0.3363054694530087, 0.46415454933327605, 0.42090587091285797, 0.44608970844371887, 0.4803808388042073, 0.5211068829610999, 0.7397374786882176, 0.822386837461723, 1.157290026989557, 1.4772384736656894]","[0.134027597, 0.27754373099999996, 0.35178915800000005, 0.43732725999999994, 0.567726208, 0.5888802710000001, 0.605640425, 0.8418256120000001, 0.633030152, 0.8497098680000001, 0.6710787880000001, 0.6498499839999999, 0.578569565, 0.5373174810000001, 0.485867719, 0.44637748600000005, 0.378992389, 0.3995949739999999, 0.5353659239999999, 0.49494320300000005, 0.5922350009999999, 0.5742094259999999, 0.59550685, 0.61824801, 0.6386483230000001, 0.7534199439999999, 0.805341827, 0.962259033, 1.076136748]",0.655381445591293,0.5405908362200907,0.6033311464381721
"WHImulti2019(20,23,25,27)(2final)",27,"[0.9822526198533231, 0.9224617258416845, 0.8030933486749828, 0.6101964342039332, 0.19301492585598323, 0.4126398352450359, 0.7104864734245416, 0.5112985857835131, 0.8311703383249776, 0.7165867100432746, 0.8601970146110435, 0.8334233424333806, 0.7508974841006648, 0.658079738945812, 0.5599048178923189, 0.4925261411157853, 0.4406399890906725, 0.37439898338605104, 0.4118560640406156, 0.5840587953946142, 0.6220236881130219, 0.7116240318021481, 0.6903926844265158, 0.6031842182064513, 0.48434256048595337, 0.33879748842646495, 0.1379402632881619, -0.166089877399215, -0.46233985711285763]","[0.02697539547734402, 0.08050532257911752, 0.16084912589143438, 0.2384937415911543, 0.35133574438780074, 0.37069623032330495, 0.2070934943744161, 0.5404126381210118, 0.2607059625631229, 0.5511864633067767, 0.2741107107152143, 0.347188470553964, 0.5391920234763505, 0.7158013123666911, 0.8507123609252251, 0.9183183091888243, 0.8309101804130492, 0.7960544702147214, 0.7261820235017749, 0.48603923821352446, 0.562270199000287, 0.48857227548218446, 0.6098555405837421, 0.8689719331340972, 1.1508618641812494, 1.5294966175132543, 1.7302880048862843, 2.1915027432370797, 2.3761056012306256]","[0.11801400600000006, 0.241883587, 0.3159887599999999, 0.402262579, 0.5135761259999999, 0.5064791660000001, 0.38905387500000005, 0.629721755, 0.43835315100000005, 0.6366014699999999, 0.432217165, 0.5112339819999999, 0.651723423, 0.7523287200000002, 0.819599874, 0.852091987, 0.8101318729999999, 0.7772425780000001, 0.680411381, 0.5790015050000001, 0.6068847930000001, 0.608113797, 0.7017454489999999, 0.84169335, 0.968433843, 1.109107437, 1.186204189, 1.327194257, 1.3701195850000003]",0.516449824704361,0.7585279152074479,0.7000436483534945
"TOB_utide(20,23,25,27)(21)",20,"[0.9964375744459452, 0.9904075512498959, 0.8817814104928757, 0.6491726998601652, 0.5387222870402135, 0.9241407119375034, 0.7163703003170825, 0.7260254073829371, 0.8401905130498676, 0.7328264320647966, 0.9304808363405448, 0.87922731804949, 0.8817739809607195, 0.8795775754861609, 0.8776133293814736, 0.9351646605078014, 0.9313143881376281, 0.42244297883900617, 0.5817279381074268, 0.6384594934836215, 0.775878402992302, 0.9024648311175506, 0.9295265517390274, 0.9778381912654484, 0.9310489757777363, 0.9643608571692794, 0.9230495533470975, 0.8960804498117292, 0.9797948021158172]","[0.002868172429940103, 0.005232847222167602, 0.04205875687279909, 0.08090157179021722, 0.12293292962862097, 0.0208676151865243, 0.15117751036077315, 0.16145398732516525, 0.17367726361253996, 0.2742969326112529, 0.09218347584441934, 0.18314727938587094, 0.1819364906065879, 0.16889821769958313, 0.15621260774020562, 0.06584449493170641, 0.05452983075990031, 0.3672240884596416, 0.24105995173861447, 0.2292532294058039, 0.18019269437386737, 0.09656134946137448, 0.0903624263436342, 0.03149972738101933, 0.10685427247501385, 0.05546545545887382, 0.10426989412449761, 0.12554827773205324, 0.021046867084246305]","[0.044865855000000024, 0.06483438800000002, 0.17699498300000002, 0.271155578, 0.32623241199999997, 0.10749030300000002, 0.3201291470000001, 0.33327167899999993, 0.38831023800000003, 0.48724596899999995, 0.259661651, 0.38311436939999993, 0.35837791440000005, 0.37238618500000015, 0.34457267599999997, 0.214717492, 0.18855572899999998, 0.5658558379999998, 0.47477343499999997, 0.45666573299999996, 0.39281338499999996, 0.258279433, 0.248015644, 0.15689269659999994, 0.286680345, 0.2079026342, 0.295877372, 0.337322978, 0.12459310700000001]",0.8754491293466633,0.12113894402780075,0.2871882725672043
"TOB_utide(20,23,25,27)(21)",23,"[0.9889887929230261, 0.7733150523583183, 0.9540893397406183, 0.9537700967767087, 0.8714219913200459, 0.9402787439056922, 0.8763682716236944, 0.8581983384842827, 0.7384531380693188, 0.9412885348037585, 0.9764862062015033, 0.9638981999707973, 0.9545704644268366, 0.963570605480697, 0.9064465757584506, 0.9518947568609256, 0.9480926711085302, 0.6958358458348233, 0.8281128674327439, 0.8835584388323224, 0.9291561166067119, 0.9650034752838432, 0.9602187476173116, 0.9655221412451268, 0.9641111910283342, 0.9865235273619958, 0.9719157145620261, 0.9680701235874951, 0.8516949197062451]","[0.0088653194514032, 0.12366057192237895, 0.016333685808378292, 0.010660720625171295, 0.03426671362771648, 0.01642831382236501, 0.06589696677895163, 0.08356411243230058, 0.28424309566015965, 0.060276826547254476, 0.031179650739937705, 0.0547470367428841, 0.06991092433994879, 0.05109397050445661, 0.1194102616726136, 0.04885399633698879, 0.0412094728852662, 0.19339459163854505, 0.09906256634418378, 0.07383572090430261, 0.056958144145770086, 0.034647109260898805, 0.05100829570558871, 0.049005167604690474, 0.05561734021963731, 0.020973531725954814, 0.03805495090091529, 0.038575426707724084, 0.1544828875595729]","[0.07178543000000001, 0.34555749500000005, 0.10215581699999995, 0.091688951, 0.14061623499999998, 0.10653163400000003, 0.231372016, 0.27066116, 0.4897602809999999, 0.215234013, 0.15127648100000002, 0.196272509, 0.23006955399999998, 0.19098194600000004, 0.291476428, 0.182251646, 0.17009603799999998, 0.39422558299999994, 0.28937793799999995, 0.23785257400000007, 0.186246319, 0.15612538000000004, 0.200389229, 0.17909532299999995, 0.20566236899999996, 0.12166843000000004, 0.16316913899999996, 0.16653379099999996, 0.33837161699999996]",0.9252786659242259,0.07267442980371738,0.21716449610215055
"TOB_utide(20,23,25,27)(21)",25,"[0.9834557375955753, 0.9942758216648476, 0.9653483776494882, 0.8857187655450638, 0.7970040216790204, 0.940905222238642, 0.8500866075748272, 0.8125355796199857, 0.7257350657033566, 0.9263102647311469, 0.9740220899808928, 0.9553164459793893, 0.9176337129155966, 0.8680002373161433, 0.7769521319398159, 0.8001516028746741, 0.7741719214672466, 0.20529823753457166, 0.4622325389998925, 0.612863596810639, 0.7865085532044995, 0.9156268041807321, 0.938492857987239, 0.9835631788763514, 0.9340547838418143, 0.9687531446950441, 0.9405225587712579, 0.9167673349365896, 0.9434981143978877]","[0.013320081102622698, 0.0031226385963197055, 0.012328045578655794, 0.026353512083710503, 0.054099492814649784, 0.01625598016212921, 0.07990536062306522, 0.1104733028812588, 0.2980648033015579, 0.07565444630392419, 0.034447106591581705, 0.06776094742617321, 0.12675241320146427, 0.18513598894954342, 0.2846951301517005, 0.2029590170220602, 0.17928597517482, 0.5052897283319304, 0.3099279392669017, 0.2454836153959079, 0.17164610433565244, 0.08353078935554431, 0.07886565404255219, 0.02336250576868746, 0.1021961337815081, 0.04862970665088431, 0.0805935088030193, 0.10055584084831282, 0.0588555322790418]","[0.09760436499999997, 0.04841912100000005, 0.09237353399999997, 0.14908437300000002, 0.19289594799999996, 0.09823115000000002, 0.250205596, 0.30223943999999997, 0.49926475899999995, 0.24020507999999996, 0.15840927100000002, 0.21739162200000006, 0.304331023, 0.3492046479999999, 0.4402838930000001, 0.371714714, 0.35479384799999997, 0.6133433429999999, 0.469626401, 0.411497191, 0.343317568, 0.22674514299999998, 0.24295804200000007, 0.1255397909, 0.28149914060000003, 0.1834743052, 0.25756965299999995, 0.27482976200000003, 0.19719764]",0.8741075328080611,0.12244378908544773,0.268502677375672
"TOB_utide(20,23,25,27)(21)",27,"[0.9863465156289376, 0.9911176453478827, 0.9086136701727662, 0.7226271013270182, 0.6524749070808192, 0.9322657302039685, 0.815150393276626, 0.7943117595941536, 0.7971596688499283, 0.8242772721018755, 0.9563450929115244, 0.9234836331175258, 0.8988723847564561, 0.8650301061413208, 0.8010266650059001, 0.8816177633834303, 0.8857367086115742, 0.3207046436516534, 0.5820882132092488, 0.6111937170757047, 0.7326574224361398, 0.8972843733038303, 0.9050769664911406, 0.9634094668606445, 0.9316765933836821, 0.9531953035758899, 0.9023859605206873, 0.9016523920531888, 0.9815202430067377]","[0.010992664085604802, 0.004845478571583206, 0.03251261450272529, 0.06396282007046959, 0.09261725982355898, 0.01863255921778921, 0.09852671764222441, 0.12121265056806887, 0.22044219236745832, 0.18040783609337877, 0.05788707546589612, 0.11603422393781751, 0.15562397829458038, 0.18930174016894213, 0.25396673815137477, 0.12022484404268022, 0.0907141652019474, 0.43191167086574794, 0.24085231678861366, 0.24654248795666656, 0.21494215646889206, 0.1016900840814319, 0.12171216018826113, 0.0520080212053671, 0.10588164554985502, 0.07284248718069142, 0.13226960991510434, 0.11881664974896092, 0.019249551101443906]","[0.08192447800000002, 0.06078199000000005, 0.15154914299999994, 0.21593990000000002, 0.25620344999999994, 0.09906515000000002, 0.265954836, 0.3143635209999999, 0.43648580699999995, 0.3918386459999999, 0.20559737700000003, 0.28361802300000005, 0.317391992, 0.3851603230000001, 0.445067014, 0.30177448400000007, 0.25087612, 0.6070749179999999, 0.472259517, 0.47634244000000003, 0.42955115899999996, 0.257231007, 0.2876271485, 0.18710497539999998, 0.28188032630000004, 0.2350636891, 0.327256917, 0.32314253699999995, 0.119268753]",0.8722143992230506,0.12428506247188631,0.2870328912735215
"TOBmulti(20,23,25,27)(21sfinal)",20,"[0.9837197052802986, 0.9770577269283699, 0.9261960683615739, 0.5184273654436741, 0.29092054893828756, 0.6717845652170091, 0.5922822763572559, 0.581149731346958, 0.858659818996156, 0.6805225409613598, 0.8913538834199649, 0.8512382763566377, 0.8632702544682238, 0.8384711932190007, 0.822593796632023, 0.8997202503964654, 0.934261210779302, 0.47486544283646015, 0.5668416720849907, 0.48227396307994364, 0.4639986804346956, 0.46362932671201684, 0.3789873413537852, 0.4090171451294665, 0.3820745108953758, 0.4803486093811139, 0.49807167024364163, 0.5666874813872347, 0.7047360865262327]","[0.013107556005822599, 0.012515408009012012, 0.026257305470982498, 0.11105174269856918, 0.18897339240421954, 0.09028654982480994, 0.2173176873196968, 0.24682962504034275, 0.15360524799700198, 0.32799534673276215, 0.14406641472855886, 0.22559161990953458, 0.21041163582881076, 0.22655188751257743, 0.22643875772862013, 0.1018405936675511, 0.052190334385435494, 0.3338926755411806, 0.24963925429279343, 0.3282906445394784, 0.43094250286420693, 0.5310153928847435, 0.7962745120343366, 0.8399945617369725, 0.9576069293648264, 0.8087372133896786, 0.680126186113662, 0.5234976511446753, 0.30756344863722257]","[0.096434982, 0.09181220400000005, 0.137027747, 0.3047026220000001, 0.3704893979999999, 0.2583619650000001, 0.406305652, 0.40580500999999986, 0.3589645939999999, 0.5264762019999999, 0.30531829800000004, 0.37926918, 0.3820995779999999, 0.40185802600000003, 0.40826932499999996, 0.278812185, 0.20274485700000003, 0.536158672, 0.42829812300000003, 0.459447714, 0.5443960610000002, 0.638800971, 0.7936093489999999, 0.8223234149999997, 0.8706202079999998, 0.8062405040000001, 0.7348276319999998, 0.640555589, 0.483635696]",0.6713518106993002,0.31964525337879685,0.4488129262768817
"TOBmulti(20,23,25,27)(21sfinal)",23,"[0.9778724092808995, 0.9374169992301209, 0.8088068089533205, -0.024163675168928478, -0.1973600691896611, -0.19607677709101812, 0.30195878468020476, 0.10113056135852205, 0.8203579514869191, 0.700327635934745, 0.9340416725617592, 0.8961080785268678, 0.864113016989348, 0.7316671450689565, 0.6720693328119787, 0.5781718020547724, 0.477011997114707, 0.27821109638059716, 0.338538868635334, 0.5059607785703367, 0.7752854921253375, 0.9215717020098398, 0.9482424087946915, 0.9511190643829314, 0.9490650843763904, 0.9559335449472439, 0.9599216442584461, 0.8809624277518413, 0.7242852213382883]","[0.017815318433611897, 0.034140112735032424, 0.0680210106675509, 0.23617446834549752, 0.3191027378741916, 0.32902061903495416, 0.3720630567928172, 0.529706253295698, 0.1952308339819571, 0.30766220957680046, 0.0874617524734046, 0.15754823409296936, 0.2091147194921697, 0.37634968014521, 0.4185660449829392, 0.42839391077758604, 0.41520263871182883, 0.4589300492947075, 0.3812154885082631, 0.3132708090089166, 0.1806693918812398, 0.07764524711097719, 0.06636459033045021, 0.06947700724743988, 0.07893448159657149, 0.0685809423523021, 0.05430723396195059, 0.1438128066767556, 0.28719997363639427]","[0.10000324499999998, 0.13412149000000004, 0.219098869, 0.41442661300000005, 0.45562364999999994, 0.5033133569999999, 0.49584862700000004, 0.6187591269999999, 0.34113019720000004, 0.4469293954, 0.25548654600000004, 0.34429062200000005, 0.38226687899999995, 0.5322125510000001, 0.5380995940000001, 0.569508053, 0.5644973059999999, 0.5215923809999999, 0.512056393, 0.46014558999999994, 0.353311688, 0.250149096, 0.218209264, 0.21958354100000002, 0.233689763, 0.231218937, 0.19196856999999998, 0.32379988000000004, 0.4557523849999999]",0.759957444785899,0.23346686785759746,0.3792756494825269
"TOBmulti(20,23,25,27)(21sfinal)",25,"[0.9810043978591048, 0.9594075206285345, 0.8353981523349119, 0.27818907282031113, 0.023029213502957835, 0.43884434103258163, 0.5291003082049409, 0.5083663967912053, 0.8092198428715328, 0.6931532255171431, 0.9030164629415246, 0.8623852581743835, 0.8365681595020321, 0.8091274229457515, 0.7446277459976149, 0.8025696678884784, 0.7737347529328373, 0.10930227200859599, 0.17815261930120563, 0.0924286018659658, 0.1536786485228634, 0.251619094303391, 0.22240008795068522, 0.27984140814375436, 0.2067048929259535, 0.2285618956507336, 0.06398083450818359, -0.09276753778394609, -0.14784390145381798]","[0.015293698499499589, 0.022143901776651508, 0.05856057935238899, 0.16645123831844091, 0.26036783822705445, 0.15436449049489206, 0.2509943179956765, 0.28972104596590453, 0.20733547346899317, 0.31502790366866407, 0.12860165564607393, 0.20868763665510565, 0.25150314419109987, 0.2677079306643928, 0.3259535171648666, 0.20050331507320057, 0.1796330453333076, 0.5663261795297995, 0.4736498274145807, 0.5754920131726436, 0.6804383275189677, 0.7409088536288333, 0.9970537345805605, 1.023598731776955, 1.2293794396895255, 1.200594694976204, 1.2683307703796276, 1.3202047360839695, 1.1956585709201675]","[0.10505113799999996, 0.11566095100000001, 0.181441734, 0.35769895200000007, 0.4021952809999999, 0.329611497, 0.41482063900000005, 0.4610659559999999, 0.3827082099999999, 0.503295034, 0.30447593100000003, 0.37265792500000006, 0.4338295729999999, 0.422049898, 0.465981028, 0.377623358, 0.35980261400000013, 0.644122638, 0.5492246719999999, 0.6141876660000001, 0.692120432, 0.7585959270000001, 0.887768719, 0.9117149539999998, 0.985271135, 0.981070613, 1.000059666, 1.0106512191, 0.9685768466]",0.46469814649097485,0.5206378801694118,0.5623104421908602
"TOBmulti(20,23,25,27)(21sfinal)",27,"[0.974977288446017, 0.9546597759400575, 0.823847538256345, 0.30751946355977233, 0.09098543027256945, 0.5899473816229346, 0.5869638626323402, 0.6369414596825166, 0.7909297855296293, 0.6067784700517894, 0.7329243113361098, 0.5995072352242741, 0.5451915028798088, 0.3923508249295383, 0.3168714078177727, 0.26934004286103663, 0.27557466495613336, 0.07674271506841668, 0.2049716949727497, 0.4435514852203106, 0.634770910955316, 0.6944937109166891, 0.6807287509302473, 0.6033614994147027, 0.5167786609141135, 0.4012088914025824, 0.26777020238439175, 0.04615728793936169, -0.17819940962391723]","[0.020146231917685494, 0.024733878877586112, 0.06266995395487228, 0.1596875836339342, 0.24225715006836976, 0.11279858360217888, 0.2201524558467593, 0.21395140478826044, 0.22721268583655096, 0.4037055773708005, 0.3541464539933493, 0.6073323792913417, 0.6998989100412117, 0.8522570698136746, 0.8719356304683015, 0.7420326047714496, 0.5751246854622112, 0.5870282975543922, 0.4581933681478437, 0.35284460997326156, 0.29364244453609833, 0.3024560256657286, 0.4093758066281892, 0.5637628582983937, 0.7488542079662409, 0.9319029282166457, 0.9921907772227585, 1.152365551135731, 1.227278570357588]","[0.11743159499999999, 0.13870927700000002, 0.18250384699999997, 0.341812088, 0.3802784079999999, 0.28386928699999997, 0.410140399, 0.370214627, 0.41691335599999996, 0.517795933, 0.5187895180000001, 0.677171278, 0.724362384, 0.795315485, 0.7980625100000001, 0.7437728389999998, 0.654271151, 0.604895067, 0.548154967, 0.49529301100000006, 0.46378485500000005, 0.483913226, 0.569693648, 0.664645642, 0.773131491, 0.8615451359999997, 0.881955493, 0.935170239, 0.9800228589999999]",0.476828031928203,0.5088402788733614,0.5710529152889785
"MIL2019_utide(20,23,25,27)(1,11final)",20,"[0.9952088958936469, 0.9734944123350893, 0.8490364025475488, 0.7236583627136441, 0.3425656689976254, 0.873431679629802, 0.330806758074648, 0.7198306077972767, 0.7018986709248967, 0.5597572092782354, 0.8852681752092317, 0.7982146198167734, 0.7748146509794347, 0.49981767423733126, 0.5523291605850593, 0.08623585263127687, 0.7918262508545739, -0.09983294434830059, 0.37744590009233603, 0.5226554366033418, 0.6139187307395847, 0.7973959186792202, 0.8146186010888133, 0.9565222350310091, 0.9114156185112888, 0.9257846579007976, 0.8504615986297964, 0.7309588578221637, 0.9132762744869016]","[0.003497931878402694, 0.015577146412549871, 0.06942965910692647, 0.11871303279131551, 0.2447072794593451, 0.04832158064395386, 0.26146171557401315, 0.21537442554032146, 0.16197811616181532, 0.3750159280217405, 0.08986995056736737, 0.16522067262600718, 0.20141971964080496, 0.4354424846862366, 0.36128210045765435, 0.6434301022928404, 0.17063547682559746, 0.5959405957352508, 0.3645186570117551, 0.28866568449849694, 0.24266603673010986, 0.14555520035851408, 0.14189710354638152, 0.03668666357505534, 0.07871428379230737, 0.06582874346353515, 0.12858936484540995, 0.21461099942179185, 0.06329550980182419]","[0.04420153480000003, 0.10620172299999997, 0.22784862599999994, 0.3328770211, 0.4577793201, 0.18804950829999995, 0.42694066150000004, 0.436320243, 0.34153607780000017, 0.5236206233, 0.2807474211, 0.3825745059, 0.4323252644, 0.6371031734, 0.5941296636, 0.7215110505999999, 0.39646679190000006, 0.745764785, 0.5898732056, 0.5214707586, 0.457179687, 0.33916112749999994, 0.3494349444000001, 0.1483656149, 0.24395780370000003, 0.1958396232, 0.32891962729999996, 0.43618674850000005, 0.2181299438]",0.72825983757648,0.20018774517598104,0.3753508181216398
"MIL2019_utide(20,23,25,27)(1,11final)",23,"[0.9861867090051532, 0.9620806760977704, 0.9676466809626655, 0.9708216319579064, 0.6234331500948169, 0.9370698484836162, 0.5968010584749848, 0.7365559494077645, 0.3421530719968442, 0.7532063913158983, 0.9622465881391449, 0.9595232365439252, 0.9489318786336977, 0.7438513932702857, 0.7105325554960308, 0.19900248671546017, 0.852332297598607, 0.055343373693496734, 0.5657502942403974, 0.7042600961442405, 0.7189277629409743, 0.8952922496468981, 0.9152806580566604, 0.9310579081198886, 0.9606701434888267, 0.9317742561471317, 0.9342807888549105, 0.863085963014756, 0.9331730864119718]","[0.010084930288293374, 0.022284918476713968, 0.014879613030202698, 0.012534674818434106, 0.14016403620780804, 0.024025635977003797, 0.15753459593442268, 0.20251716510582704, 0.3574516304620121, 0.21022839247127081, 0.029572416056939704, 0.03314213387443599, 0.04567848988809582, 0.22299465618508887, 0.23360781439590292, 0.5640250970593325, 0.12103999142274058, 0.5118588559646464, 0.2542624320917937, 0.17884347770208664, 0.1766640633269719, 0.07522433646143863, 0.06484700895948384, 0.058173536122892014, 0.03494771239471531, 0.06051599120429829, 0.056512518134838895, 0.10921473970272189, 0.04877377602277751]","[0.07292460179999999, 0.11978620460000002, 0.10623554899999998, 0.09852663300000002, 0.33080481119999994, 0.11990290599999998, 0.29975511099999996, 0.41321410300000005, 0.547770057, 0.373984726, 0.152546185, 0.15861039799999999, 0.17114989710000003, 0.4238749219, 0.4685829749, 0.6506043531, 0.3104573071, 0.6936847039, 0.4836183087, 0.3942542927, 0.36666884159999996, 0.21360181709999998, 0.19272398420000006, 0.19821737820000002, 0.16000684420000003, 0.2181175359, 0.18119146479999995, 0.2720171467, 0.1763451757]",0.815006304096482,0.13628265518211458,0.2847375770766129
"MIL2019_utide(20,23,25,27)(1,11final)",25,"[0.9847206079820745, 0.9636697269186373, 0.9550833436726653, 0.985275688777797, 0.8323526135128279, 0.9636488336329107, 0.6808092816236258, 0.7935373575296062, 0.6041157228017706, 0.7081151501153244, 0.9723703499302363, 0.945524033362439, 0.9116807401313842, 0.6483769029717508, 0.6337255036430972, 0.1672499757401713, 0.8453287453237723, 0.1454830592810228, 0.5677925020223746, 0.6893060435258065, 0.7609481413592513, 0.8848351147364312, 0.9028267290903169, 0.9478631795932791, 0.9496586955073023, 0.9308384431049146, 0.9164742881120657, 0.85461129014874, 0.936542231898098]","[0.01115531435671416, 0.021351044547693526, 0.02065761673447178, 0.006325386424267324, 0.06240096374826686, 0.013878242296108465, 0.12471158940857614, 0.15871388615292725, 0.21511004207061282, 0.2486388651033428, 0.021642428249455673, 0.04460459841856239, 0.07899821475506101, 0.30611164600746077, 0.295593118284923, 0.5863837346177401, 0.1267806503040607, 0.4630169857474848, 0.2530666760311787, 0.1878866766115077, 0.15025273621909085, 0.08273697074376156, 0.07437966141801419, 0.04399319954690946, 0.04473226162128973, 0.06134605403151807, 0.07182448214984259, 0.11597488797902616, 0.046314797468994556]","[0.07472392350000001, 0.10663328449999998, 0.12889417420000002, 0.07153834419999999, 0.20625423060000003, 0.09887215129999997, 0.2613347663, 0.36248255499999993, 0.4054768836000001, 0.396643386, 0.12112337000000001, 0.1798792409, 0.2422597269, 0.5212880074999999, 0.5316298657, 0.6704032552, 0.32671797869999997, 0.6533078478000002, 0.48400932239999994, 0.4078923372999999, 0.3331103505, 0.23045011439999996, 0.20647787820000002, 0.18473121149999996, 0.17828928440000008, 0.21693445649999993, 0.20270889399999997, 0.2762130587, 0.1775778026]",0.8188080857007656,0.13348192789828053,0.2820248540591398
"MIL2019_utide(20,23,25,27)(1,11final)",27,"[0.9747544148564177, 0.9432109822129057, 0.9311157881387125, 0.9547401518913676, 0.8106187794313536, 0.974113198005185, 0.6773104848324509, 0.7996208663415424, 0.4768306640550425, 0.5345858475018601, 0.8987847934218608, 0.8442131348021735, 0.7593075389066192, 0.5138958065482202, 0.6496491326994889, 0.237673219969465, 0.8814100579918344, 0.2575984064470117, 0.6691822950839571, 0.7934657412163881, 0.8031998851661164, 0.90288456941759, 0.9143837683506456, 0.9543732183555478, 0.9624188574768172, 0.9377901660920531, 0.9466199641792788, 0.9176549867801761, 0.9327661518977027]","[0.01843152123235392, 0.03337450411882593, 0.03168053377162567, 0.019443084601407326, 0.07049063470017697, 0.009883130206261729, 0.12607861070250528, 0.15403731457835568, 0.28427241077023946, 0.3964578727737768, 0.07928232317782466, 0.1275573613455549, 0.21529024087911072, 0.4231865200160578, 0.28274233229242857, 0.5367949699800271, 0.09720558612386362, 0.4022676809330575, 0.19370079729551637, 0.12489794114323917, 0.12369598759932772, 0.06976984799208111, 0.06553351824375693, 0.03850001004873134, 0.03339384063076558, 0.055179900562357914, 0.045901954539548005, 0.06568566220561825, 0.04907077811054797]","[0.09807526260000003, 0.13471009850000001, 0.14385393459999998, 0.1240868595, 0.22525188999999993, 0.08288180849999999, 0.26342884699999997, 0.351478919, 0.4697431547, 0.5348733627000001, 0.24985798390000002, 0.33496947400000004, 0.4439889935, 0.6226045651, 0.5242501997, 0.6354251054999999, 0.29282612410000003, 0.5924386063999999, 0.4086234953, 0.3226410787, 0.28793301500000007, 0.20615668929999997, 0.20566885890000008, 0.1710409129, 0.1599622311, 0.20766262180000003, 0.16583903449999998, 0.2047619752, 0.18204014770000002]",0.8076629157037823,0.14169244205783918,0.29570375891465056
"MIL2019multi(20,23,25,27)(11final)",20,"[0.9770571194557681, 0.9450773400071709, 0.9455781506234979, 0.8379885211976921, 0.6009131962393306, 0.852109051335791, 0.5941373336315546, 0.7792124787865131, 0.4811725393638121, 0.5167653389006883, 0.6872020640406428, 0.530393453182786, 0.2644462766193856, 0.09133877890930198, -0.12406599025665388, -0.5862095508189316, -0.06564447710531685, -0.734087295674279, -0.09043404677442846, 0.20205673018339076, 0.4687295247084401, 0.6268716824052661, 0.5647003743241601, 0.6116611975558022, 0.5031644976514824, 0.45127323204997327, 0.23972379185045534, 0.03772843607806475, -0.13028837238993285]","[0.016750342187646587, 0.03227765884276514, 0.025029149503204826, 0.06959817631715792, 0.1485463131618026, 0.056462188812225846, 0.15857534474021837, 0.1697258404066455, 0.2819131835057853, 0.4116380749525138, 0.2450160196920698, 0.3845110555792695, 0.6579247956781734, 0.7910509417669915, 0.9071507148950648, 1.1169347981974016, 0.8734855101754573, 0.9396090754977362, 0.6384723100354845, 0.48254208350787486, 0.33392270212354186, 0.2680635388630073, 0.33319284686063755, 0.3276814024035335, 0.44147794535246143, 0.48671868399762147, 0.6537680877769939, 0.7675928684243813, 0.8249435587576265]","[0.09116682219999998, 0.1598953478, 0.13419041510000002, 0.17970952440000004, 0.32281782300000006, 0.1912425205, 0.3684253459, 0.3605785740999999, 0.47426733060000004, 0.580657088, 0.4458970559, 0.5722354667, 0.7261779492999999, 0.7909212028, 0.8512155600999999, 0.9208842030999999, 0.8222988117, 0.8345471108999999, 0.6853902856, 0.5866795229999999, 0.48343618159999996, 0.45451110529999994, 0.5085300303, 0.5186130958, 0.6084462916000001, 0.6351897598, 0.7435111960999999, 0.791401712, 0.7958992559000001]",0.37322906209958406,0.4617346942060233,0.5504160714280913
"MIL2019multi(20,23,25,27)(11final)",23,"[0.9715474056276323, 0.9457803752336673, 0.9478001812105709, 0.8095232523921149, 0.5174691255080011, 0.7145739889310643, 0.42785217536199427, 0.6522853224128013, 0.6267075598043186, 0.620858047310294, 0.9489404110514984, 0.92626526803899, 0.8608309934192457, 0.7175599554104717, 0.7095363538286712, 0.2608599827535044, 0.8524774658486712, 0.4120955479424683, 0.6381704783436948, 0.6500111671221993, 0.5106577904424838, 0.5173735786402989, 0.5097774124305725, 0.5297790361156822, 0.5683889202129241, 0.5387003566076196, 0.5930083924544441, 0.5565134706686488, 0.5878227455147489]","[0.020772923040096904, 0.031864490012299546, 0.024007215548337176, 0.08182651230848174, 0.1796054936346932, 0.10897068058902025, 0.2235449230799013, 0.26729846664725376, 0.20283440677015577, 0.32296785827383595, 0.03999520397379021, 0.060373561253220596, 0.12448137683071415, 0.2458831279242589, 0.23441177525101117, 0.5204679328633539, 0.12092100017782455, 0.3185539505748967, 0.21185887510968826, 0.21164955832030258, 0.3075692711680908, 0.34672936991876363, 0.3752327130859542, 0.3967738065713775, 0.3835208470309591, 0.4091711366647946, 0.34997560380582876, 0.3537640619552194, 0.30082851373145686]","[0.098407206, 0.14957690729999998, 0.1396174196, 0.21759058630000003, 0.371822958, 0.2804274273, 0.3782695119999999, 0.4495011890000001, 0.3519870367000001, 0.45423556370000007, 0.15735052300000002, 0.2132192454, 0.28773510370000005, 0.4433517772, 0.41062025310000005, 0.5551691940000001, 0.2558912679999999, 0.5331155966, 0.3996907958, 0.3707123587000001, 0.4432778365, 0.49293787680000006, 0.5072594156000001, 0.5755270880000001, 0.549535663, 0.5786502045999999, 0.5175497169000001, 0.5044306159, 0.4645997381]",0.6856194357855399,0.23160042194704403,0.3836208076512097
"MIL2019multi(20,23,25,27)(11final)",25,"[0.9822008135669169, 0.9592424901164741, 0.9117845648372189, 0.7162703801036296, 0.3495393316427323, 0.6119377822936152, 0.20203183923667922, 0.5335489127794986, 0.6081051235336408, 0.5319430762918405, 0.8920657713207185, 0.9021369003626062, 0.9029739058981562, 0.7338343121254436, 0.7932620542112131, 0.3729717256612447, 0.8322639791718414, 0.33764360458792475, 0.17634092066207474, -0.13908365292638414, -0.5516369541876178, -0.6194203581447866, -0.6461917879529226, -0.6094187140100145, -0.5658006396139355, -0.6037436326968575, -0.5489555431013655, -0.6220283963785282, -0.48307151120956004]","[0.012994988264052786, 0.023952900305135274, 0.04057115552807468, 0.12188682097053041, 0.24211157379981632, 0.14815539696603236, 0.31177559965539997, 0.35857462573956844, 0.21294233749456218, 0.3987090880548943, 0.08454536318605166, 0.08012972561577197, 0.08678614642043588, 0.23171520163091772, 0.166842940667046, 0.44152407145767375, 0.13748955385746853, 0.3588954730800662, 0.48226989667296394, 0.6888406982857133, 0.9752599260719785, 1.1634269811239248, 1.2600500803441883, 1.3580321563078264, 1.3913386743514637, 1.4225148761958466, 1.3319602699783122, 1.2938732433986793, 1.0824231410629723]","[0.08231972070000002, 0.13147546109999997, 0.16957717649999998, 0.28993447170000003, 0.4250233589, 0.3250241641, 0.4312546325, 0.5193095097, 0.3700349432, 0.5021402939, 0.22858063880000004, 0.2202353714, 0.2344204483, 0.4285631113, 0.37668031030000015, 0.5206281700000001, 0.3212955157, 0.5056463782999999, 0.5456201303, 0.6933925241, 0.8498607303, 0.9505374509000001, 0.9834792855, 1.0549496666, 1.0546863926, 1.0707213455, 1.0139986271, 0.9831890064999999, 0.9283976014]",0.24281063552434612,0.5578123976733721,0.5670183287096774
"MIL2019multi(20,23,25,27)(11final)",27,"[0.9883346667880283, 0.9597464864968309, 0.9327052040014614, 0.7511031577761769, 0.31705103279130664, 0.40238449007438604, -0.08622044994897271, 0.3408905622957299, 0.370501688781969, 0.35687617264007554, 0.6426722675233375, 0.6799794471100133, 0.7384331926567462, 0.47091597875168445, 0.5831248797563597, 0.09823356300750041, 0.5655539168327867, -0.04818475773155484, -0.2675033543858396, -0.6278062005964244, -0.9940516492206544, -1.0318747356824596, -1.0871378437695212, -1.0259863979085933, -1.0030567509016786, -1.12174937481874, -1.0821023736159288, -1.234986513244361, -1.192417996951383]","[0.008516730175042026, 0.023656705196863564, 0.03094954561691806, 0.10692308000604901, 0.25420422374414336, 0.22815919475334795, 0.42439917880538813, 0.5066767479405684, 0.34204795696315676, 0.5478378840795228, 0.2798964081028986, 0.2620309308564341, 0.23396154870451685, 0.4606033619218038, 0.3364291479583316, 0.634981874118335, 0.3561059685026065, 0.5679552082641863, 0.742150153002202, 0.9843870175925713, 1.2533335576689897, 1.4597432210035646, 1.5975648930927546, 1.70953317036241, 1.7798755818221141, 1.8819841199702545, 1.7904178412578688, 1.7828228256054144, 1.6001412992200486]","[0.05542649299999997, 0.1030165264, 0.14304164480000003, 0.27489794260000006, 0.4294159253, 0.42009025829999996, 0.48865566820000006, 0.6031988355, 0.48920846119999994, 0.5851376799000001, 0.44176160870000003, 0.42050747599999994, 0.3960338213, 0.5235593706000001, 0.47310463340000003, 0.6816506990000001, 0.5139803038999999, 0.5830492225, 0.6926935995000001, 0.8343775366, 0.9664685483999998, 1.0620544281000002, 1.1088835494, 1.1828776359, 1.194213699, 1.2322476864999998, 1.187704807, 1.1678786065000002, 1.1383855820000002]",-0.06393094859331727,0.7837852738524902,0.6802726656989248
"MIL2023_utide(20,23,25,27)(0",20,"[0.9712115214366644, 0.9538559066943425, 0.9850493721674913, 0.9053491676962948, 0.8068463680850717, 0.6319042619052853, 0.35599233202977476, 0.5749167680106353, 0.7161923702829598, 0.6199938873938393, 0.8421841670804456, 0.8881062335121973, 0.9380760380661943, 0.955267331762629, 0.9313341923712233, 0.9163201943674255, 0.9118067278070536, 0.821748375721504, 0.8198234064008003, 0.7509205939887529, 0.7851051684939219, 0.9170647244145369, 0.8027742581646347, 0.883706564593168, 0.9380613290614838, 0.5206555079822637, 0.3958077205519748, 0.869519095678321, 0.5951397441938054]","[0.021733172151111115, 0.030299821073566616, 0.008257925783959503, 0.045246064302371394, 0.06691890201090281, 0.10143117601501432, 0.2161731571268879, 0.18257824418516602, 0.17463759155519942, 0.2243803548807302, 0.11511634827599995, 0.0952784706476489, 0.05668556446502809, 0.044368513523950014, 0.06685559524308858, 0.07919820330225676, 0.07735745268850344, 0.13787211991049458, 0.12228055780282561, 0.1446503026117344, 0.14839098698328398, 0.05860365855041699, 0.1205666401171382, 0.09381803963135489, 0.04981600760402591, 0.44610105085594026, 0.4352667258028023, 0.10110017598298052, 0.37693929757736927]","[0.11544150740000003, 0.15210081649999999, 0.07535862900000001, 0.17990191599999997, 0.23549277599999996, 0.270737983, 0.46032627200000015, 0.39147746, 0.355293608, 0.41576143610000005, 0.30864959540000003, 0.2454806477, 0.20638419299999997, 0.1627722932, 0.1986949276, 0.22703512200000003, 0.24399393970000005, 0.3261953719999998, 0.294165876, 0.304805604, 0.317154584, 0.21295599199999998, 0.277723138, 0.264923311, 0.17986300540000003, 0.5831256442, 0.6303930471999999, 0.27844740119999994, 0.527898369]",0.8187358873371078,0.13396579545404788,0.294197670359543
"MIL2023_utide(20,23,25,27)(0",23,"[0.9878842834502836, 0.9903067178395706, 0.9487391334404395, 0.7733972130139557, 0.6552129708297818, 0.7719691253365308, 0.6508374196838178, 0.7330691535670748, 0.8390709372759266, 0.7170529993169792, 0.8707253915522364, 0.9105824016542161, 0.9617605258521692, 0.9479782963746455, 0.9515803858297482, 0.9553949509631497, 0.9120336802637856, 0.8651206734609724, 0.8998271595941217, 0.8759822629913139, 0.897095381648828, 0.9422810174194937, 0.7285704755360471, 0.8915430083794497, 0.9520212805689338, 0.6872986806009165, 0.711795994556614, 0.9686282316676704, 0.8489214885302944]","[0.0091464699299672, 0.0063649471478637995, 0.028313756212288394, 0.1083232341599364, 0.11945294111701811, 0.0628353914244358, 0.1172029171258398, 0.1146499358078726, 0.09902575189182931, 0.1670703347119399, 0.09429738812646311, 0.07613982696972428, 0.03500464293988076, 0.05159821114610333, 0.04714314501758289, 0.04221615615885735, 0.07715838462471994, 0.104324988663113, 0.06798436221284311, 0.07202202492292323, 0.07105856281069593, 0.04078534161907764, 0.16592836963710816, 0.08749610244600739, 0.03858830381397711, 0.29101489536424796, 0.20762531743570037, 0.024307704761736906, 0.14065946749706632]","[0.07586257400000002, 0.06700331799999999, 0.145554536, 0.30907050399999997, 0.3178981430000001, 0.206819074, 0.33453664799999994, 0.32579629400000004, 0.261605427, 0.351841856, 0.2691837201, 0.23057938539999998, 0.15471938549999997, 0.19382718799999993, 0.19620218499999997, 0.1801918541, 0.23495305630000005, 0.27624764449999994, 0.21439322850000003, 0.20570538179999998, 0.22327176739999996, 0.1730558188, 0.3698169366, 0.243837306, 0.16179440140000004, 0.45999839160000006, 0.3994334664, 0.12910242100000002, 0.33217808900000007]",0.882179478072698,0.08707691615800645,0.24049849057459677
"MIL2023_utide(20,23,25,27)(0",25,"[0.9777731726877228, 0.9678959757926465, 0.9882175219300087, 0.8809372495518416, 0.7044890116576579, 0.754431099076909, 0.6199592836141092, 0.7823880542140711, 0.8557536755412521, 0.826475697924332, 0.9808679319063173, 0.9098794191933598, 0.9091092777909512, 0.888078688042732, 0.9415503024050498, 0.9411158161105123, 0.8865554117450826, 0.7889360464642665, 0.8005838160025947, 0.7597927080712406, 0.8093919859022877, 0.9199641052572087, 0.8115987360674564, 0.9314778318197489, 0.9048842713178478, 0.7718680599349678, 0.7822363738116933, 0.9864919203215654, 0.8376433172947639]","[0.016779610749070747, 0.02108062201549418, 0.00650800959954018, 0.0569157262717878, 0.1023810459890082, 0.0676681086889805, 0.12756773806255442, 0.0934668883300165, 0.08876023072135572, 0.10246004784802558, 0.0139555947788534, 0.07673842236842159, 0.0832019097641312, 0.11101019543130458, 0.0569088089026025, 0.055730549703281354, 0.09950627922612008, 0.16325144204687214, 0.13533790226025202, 0.1394979136310906, 0.13162024949903572, 0.0565549003626364, 0.11517212294290809, 0.0552792637647327, 0.07649963732667181, 0.21231056138442003, 0.15687929785617755, 0.010466429856395152, 0.15115984604129454]","[0.09450600020000004, 0.11090370649999999, 0.06661317309999998, 0.22075723999999994, 0.29982043999999997, 0.21187541299999998, 0.352570768, 0.2809474609999999, 0.24076266100000002, 0.251948642, 0.10059914000000003, 0.23506609999999994, 0.24423901000000003, 0.285677262, 0.2090628326, 0.20727556920000004, 0.2730412609, 0.34985644369999996, 0.302918222, 0.30609302, 0.291140277, 0.21126181000000002, 0.278327631, 0.19468155700000003, 0.23381645599999998, 0.3901319220000001, 0.35309837599999994, 0.08458976700000001, 0.3416890624000001]",0.8809252231768144,0.08800389090419727,0.2408363458064516
"MIL2023_utide(20,23,25,27)(0",27,"[0.9770499317730574, 0.9870081149588192, 0.9863769342436107, 0.7958389709343009, 0.632182986324063, 0.7992082359703485, 0.5461846089561813, 0.6856828263476551, 0.7777133846687904, 0.5892209370966491, 0.903005035285528, 0.9438305504605486, 0.966246133022572, 0.9411611978496129, 0.9570103292661267, 0.9495083945137471, 0.8850917671606222, 0.7989042691524639, 0.8735729602623592, 0.8476815939711719, 0.8199219403198821, 0.943283304202599, 0.7269095281936633, 0.8974103882706325, 0.9254368775469057, 0.6520042812208888, 0.7028654936106844, 0.9590529272555077, 0.881450074025615]","[0.017325604149540676, 0.00853092484770655, 0.0075246516217631, 0.09759537052463221, 0.12743177776208608, 0.055329477230774915, 0.15233158037374664, 0.1350029202848558, 0.1367813796095022, 0.2425507086707146, 0.07075149516069866, 0.047828752371318145, 0.030898491355225, 0.05835981379625148, 0.041856349258360674, 0.0477874489087119, 0.10079009389678413, 0.15554133001100964, 0.08580231555974638, 0.08845734731040805, 0.12434901678503893, 0.04007710652861641, 0.16694372817306374, 0.0827626789536366, 0.059969596034606804, 0.32386156183262377, 0.2140589479846786, 0.0317269127001925, 0.11037419747623961]","[0.09903386090000002, 0.07272716200000001, 0.07832664300000002, 0.288560744, 0.3406884229999999, 0.19740198500000006, 0.385156322, 0.347453, 0.31969168000000003, 0.4335762592, 0.2333174117, 0.17447068689999998, 0.13737549819999997, 0.20470897339999997, 0.18517328069999997, 0.19334594980000003, 0.26683169500000004, 0.3461136269999999, 0.238986616, 0.2392921942, 0.29053656099999997, 0.17253370200000004, 0.36364354159999995, 0.237107764, 0.19900709000000003, 0.48482394999999995, 0.40901529400000003, 0.150550681, 0.298857054]",0.8692472818834847,0.09663463789345979,0.25067522790994623
"MILmulti2023(20,23,25,27)(0",20,"[0.9680740915459741, 0.9390453385246293, 0.9354422784654051, 0.7620642419936505, 0.6439980765045078, 0.5280197390062854, 0.266108224094615, 0.5018151160670047, 0.697906355107985, 0.6927620410382797, 0.8972003067498996, 0.8892560259685895, 0.885969123953755, 0.8478134872559591, 0.7890838795974702, 0.6861773290076834, 0.7735892777062459, 0.7927384989747839, 0.8251659332782629, 0.8947644483552141, 0.8499216500490204, 0.8383893045410827, 0.6919106141989115, 0.7584246615366392, 0.8178782672292729, 0.27346574327354967, 0.1584879244027465, 0.372410613573115, -0.057027801790326293]","[0.02410169967771876, 0.04002495669531581, 0.035658226476282806, 0.11374074949542029, 0.12333838922884123, 0.1300572323283665, 0.24634443047386267, 0.21397626286598087, 0.18588966977622295, 0.18141329830688727, 0.07498566570869211, 0.0942994128301681, 0.10438454474267496, 0.15094760976510901, 0.2053558133635729, 0.29701540903713086, 0.198592889259072, 0.16031036260029763, 0.11865474185413509, 0.06111446399644829, 0.1036333648323164, 0.11419722124164368, 0.1883390157700464, 0.194887394964532, 0.1464767888476466, 0.676147740937256, 0.6062345023729249, 0.4862734339760928, 0.9841304781404034]","[0.11894781960000002, 0.15477255130000006, 0.165789458, 0.278371925, 0.269926556, 0.320082819, 0.430109115, 0.36657320000000004, 0.37670986300000003, 0.3478399809999999, 0.23804760100000005, 0.23912944700000005, 0.277524978, 0.33452770600000004, 0.39279805899999987, 0.44814029899999996, 0.372395922, 0.33334287, 0.27737487099999997, 0.202727355, 0.24342506999999997, 0.28388758299999994, 0.389260224, 0.380430242, 0.33806934600000005, 0.6874830130000003, 0.6610270999999999, 0.612865873, 0.8725874089999999]",0.6839600321172477,0.23357378948707969,0.370723952046371
"MILmulti2023(20,23,25,27)(0",23,"[0.9725970141445396, 0.925883356136405, 0.9223323708251328, 0.8176736743772309, 0.7565596730432449, 0.4548053448436159, 0.08530794082133464, 0.5440581254859548, 0.6237936191384301, 0.4022156127589116, 0.3571854668654867, 0.2509071789048981, -0.02672491564955104, -0.22366733428822094, -0.5350415120486864, -0.769254143342958, -0.8954423705277801, -0.9972770852416486, -1.170858726255831, -1.3866500988323702, -1.2228426924532445, -1.4100605000695112, -1.8852555585847872, -1.426963031890104, -1.3412365459440974, -1.5850425658659213, -1.887892117487469, -1.0264129409772575, -0.7418273628227277]","[0.020687227626182008, 0.04866757339372944, 0.0428994370488937, 0.0871576979552876, 0.0843409426145104, 0.15023193508256008, 0.30703340979581023, 0.1958323938342278, 0.23149404526885392, 0.3529708299464357, 0.46889124053165937, 0.6378587530597994, 0.9398701177440355, 1.213705839814522, 1.494573755917738, 1.6744989819059726, 1.6625598512900481, 1.5448320704258505, 1.47329800533466, 1.3860224919953419, 1.53493603699067, 1.7029950360070572, 1.7637939416054838, 1.9579171697280733, 1.8830087215037097, 2.405765006886642, 2.080469064581326, 1.570120210401939, 1.6217032253166765]","[0.11481229820000002, 0.15655044420000003, 0.16693408100000004, 0.263504032, 0.23296708399999996, 0.35939163100000004, 0.5124332559999999, 0.42083775, 0.409639727, 0.47033624299999993, 0.603528484, 0.724224672, 0.870916011, 0.991505065, 1.0952516790000002, 1.1458733410000002, 1.1497226170000001, 1.106462338, 1.0794983109999998, 1.054095137, 1.102214741, 1.147530544, 1.1630801580000003, 1.235806417, 1.223530147, 1.3088592010000002, 1.183464714, 1.0869692889999998, 1.0692563220000002]",-0.42202129962189394,1.0509648697573937,0.8089611852620968
"MILmulti2023(20,23,25,27)(0",25,"[0.977904889323042, 0.946511011386524, 0.9436398159363133, 0.7628897059100762, 0.6027159996395766, 0.5176949959883834, 0.315612017125699, 0.5265908046926071, 0.7198746112709613, 0.7266415605213281, 0.9041312725853481, 0.8722577341998751, 0.8282102251954941, 0.7521361048860504, 0.6466540612355904, 0.4883900826238232, 0.49665493027404783, 0.4523692108041736, 0.4040155344618632, 0.4271718753797773, 0.3783466884686353, 0.3603504506857722, 0.16504268988883797, 0.17763572161059415, 0.1534828333629359, -0.45276835006684424, -0.6564821521076423, -0.5319530892754718, -0.9102164186768658]","[0.016680174431022265, 0.035122735507204246, 0.031130345988294724, 0.11334615187242168, 0.13764074134690868, 0.13290228245521457, 0.2297275612011505, 0.20333481341013862, 0.17237176910951127, 0.1614086237697867, 0.06992997856854792, 0.10877359932135379, 0.15725738550971619, 0.24584611237821663, 0.3440308048298912, 0.4842098513674884, 0.44150184531231207, 0.4235754829180221, 0.40447713785696743, 0.33266404034657937, 0.42926927471011317, 0.45198865639881775, 0.5104201742862707, 0.6634304351870174, 0.6808364624418695, 1.3520161353832554, 1.1933478583297537, 1.1869991837394702, 1.7784794253093954]","[0.10043275690000002, 0.1454535366, 0.15094250220000002, 0.271966809, 0.295138761, 0.30928922799999997, 0.40633793500000004, 0.3516736159999999, 0.36003372000000006, 0.330148691, 0.23260006099999997, 0.264462154, 0.3419922119999999, 0.433141446, 0.524627238, 0.606770062, 0.5900703340000001, 0.5694899489999999, 0.5605513890000001, 0.5178005630000001, 0.566769418, 0.6035944209999999, 0.6429731489999999, 0.736088164, 0.7421798500000001, 1.0043430819999999, 0.9559618620000001, 0.9714673599999999, 1.1868938640000002]",0.3781017367691535,0.45962267048499345,0.5239828042573924
"MILmulti2023(20,23,25,27)(0",27,"[0.9735602498085772, 0.9382728885318368, 0.935491507514629, 0.7225706737290883, 0.5342527568265207, 0.4150936983128287, 0.10274533400406294, 0.2784274099769728, 0.541361312976906, 0.5318224104625557, 0.8287463087057921, 0.8189308131223709, 0.876209772882986, 0.8689273181199347, 0.8393589293433633, 0.7465099781662554, 0.8567791431386593, 0.8677899060254024, 0.8870931444102061, 0.9240580038874583, 0.8667267805366179, 0.8259466699506993, 0.62769830248524, 0.7812429556816796, 0.8576659076874468, 0.3376035321330989, 0.2613650153564864, 0.5773332291039993, 0.1654714642524885]","[0.019960055939683773, 0.040532174302017034, 0.0356310349871052, 0.13261991289775338, 0.1613601246778593, 0.1611747377076583, 0.30118022430773383, 0.309923908129698, 0.28221776763228074, 0.2764425365875377, 0.12491838876916582, 0.1541819151203069, 0.11331831298008668, 0.1300056600191273, 0.1564061469617907, 0.23991396887838035, 0.1256241024192795, 0.1022604198061296, 0.07662656400306371, 0.0441025329814794, 0.09202894474477731, 0.12298942581147147, 0.22759283023375004, 0.17647906764209786, 0.11447640250454702, 0.616458028243608, 0.5321207209448332, 0.32749378264880746, 0.776975747956647]","[0.11179716850000002, 0.1683909339, 0.15915722399999999, 0.2843570179, 0.315858301, 0.327370675, 0.45911223999999995, 0.4309551019999999, 0.45138567900000004, 0.43547195099999997, 0.29769981, 0.32118229099999995, 0.281995901, 0.30772490100000005, 0.33180450699999997, 0.41122532999999994, 0.29484487099999995, 0.255130762, 0.22927266500000004, 0.16787266799999995, 0.23101014500000006, 0.30840532299999995, 0.414763959, 0.36747568300000005, 0.29234509399999997, 0.6682902210000001, 0.6264529249999999, 0.4896611230000001, 0.7562987969999999]",0.7034320077500116,0.21918275164520754,0.3606842431216398
